run_id,wave_id,campaign_id,idea_id,hypothesis_id,surface_id,sweep_id,status,created_at_utc,primary_family,primary_skill,manifest_path,receipt_path,lineage_path,metrics_path,claim_boundary,result_judgment,required_gates,evidence_path,next_action,notes
onnxlab_20260621T092135Z_control_plane_dryrun,,,idea_control_plane_v0,hyp_control_plane_v0,surface_codex_operating_control_v0,sweep_not_applicable_control_plane,completed_for_planning_scaffold,2026-06-21T09:21:35Z,policy_skill_governance,spacesonar-work-item-router,lab/runs/onnxlab_20260621T092135Z_control_plane_dryrun/run_manifest.json,lab/runs/onnxlab_20260621T092135Z_control_plane_dryrun/experiment_receipt.yaml,lab/runs/onnxlab_20260621T092135Z_control_plane_dryrun/artifact_lineage.json,lab/runs/onnxlab_20260621T092135Z_control_plane_dryrun/metrics.json,planning_scaffold,positive,skill_metadata_lint|storage_contract_check|dry_run_receipt|encoding_check|final_claim_guard,lab/runs/onnxlab_20260621T092135Z_control_plane_dryrun/,ready_for_actual_onnx_development_entry,completed_for_planning_scaffold
onnxlab_20260621T115145Z_minimal_onnx_mt5_plumbing,,campaign_minimal_onnx_mt5_vertical_slice_v0,idea_a_to_z_validation_spine_v0,hyp_minimal_onnx_mt5_plumbing_v0,surface_fixture_next_m5_probability_v0,sweep_not_applicable_fixture_plumbing,mt5_native_onnx_fixed_fixture_probe_matched_with_boundary_debt,2026-06-21T11:51:45.383682Z,onnx_export_parity,spacesonar-runtime-parity,lab/runs/onnxlab_20260621T115145Z_minimal_onnx_mt5_plumbing/run_manifest.json,lab/runs/onnxlab_20260621T115145Z_minimal_onnx_mt5_plumbing/experiment_receipt.yaml,lab/runs/onnxlab_20260621T115145Z_minimal_onnx_mt5_plumbing/artifact_lineage.json,lab/runs/onnxlab_20260621T115145Z_minimal_onnx_mt5_plumbing/metrics.json,fixed_fixture_parity_learning_only_with_boundary_debt,inconclusive,branch_worktree_fit|provenance_capture|time_axis_check|feature_label_boundary_check|feature_schema_contract|onnx_export_smoke|python_onnx_parity|bundle_integrity_hash|runtime_learning_probe_decision|mt5_native_onnx_fixed_fixture_probe|final_claim_guard,lab/runs/onnxlab_20260621T115145Z_minimal_onnx_mt5_plumbing/,harden evidence spine and supersede with clean fixed-fixture rerun; do not promote this record,mt5_native_onnx_fixed_fixture_probe_matched_with_boundary_debt
onnxlab_20260621T131542Z_minimal_onnx_mt5_plumbing,,campaign_minimal_onnx_mt5_vertical_slice_v0,idea_a_to_z_validation_spine_v0,hyp_minimal_onnx_mt5_plumbing_v0,surface_fixture_next_m5_probability_v0,sweep_not_applicable_fixture_plumbing,mt5_native_onnx_fixed_fixture_probe_matched,2026-06-21T13:15:42.793895Z,onnx_export_parity,spacesonar-runtime-parity,lab/runs/onnxlab_20260621T131542Z_minimal_onnx_mt5_plumbing/run_manifest.json,lab/runs/onnxlab_20260621T131542Z_minimal_onnx_mt5_plumbing/experiment_receipt.yaml,lab/runs/onnxlab_20260621T131542Z_minimal_onnx_mt5_plumbing/artifact_lineage.json,lab/runs/onnxlab_20260621T131542Z_minimal_onnx_mt5_plumbing/metrics.json,fixed_fixture_parity_learning_only_no_runtime_authority,preserved_clue,branch_worktree_fit|provenance_capture|time_axis_check|feature_label_boundary_check|feature_schema_contract|onnx_export_smoke|python_onnx_parity|bundle_integrity_hash|runtime_learning_probe_decision|mt5_native_onnx_fixed_fixture_probe|final_claim_guard,lab/runs/onnxlab_20260621T131542Z_minimal_onnx_mt5_plumbing/,fixed-fixture parity learning recorded; do not infer runtime authority or economics,mt5_native_onnx_fixed_fixture_probe_matched
onnxlab_wave01_eb_cell_001_event_barrier_surface_v0,wave_us100_closedbar_surface_cartography_v0,campaign_us100_event_barrier_decision_surface_v0,idea_us100_m5_event_barrier_decision_surface_v0,hyp_us100_event_barrier_decision_surface_v0,surface_us100_event_barrier_decision_surface_v0,sweep_us100_event_barrier_broad_v0,executed_proxy_observation_l4_required,2026-06-21T22:29:21.063778Z,model_training,spacesonar-model-validation,lab/runs/onnxlab_wave01_eb_cell_001_event_barrier_surface_v0/run_manifest.json,lab/runs/onnxlab_wave01_eb_cell_001_event_barrier_surface_v0/experiment_receipt.yaml,lab/runs/onnxlab_wave01_eb_cell_001_event_barrier_surface_v0/artifact_lineage.json,lab/runs/onnxlab_wave01_eb_cell_001_event_barrier_surface_v0/metrics.json,wave01_event_barrier_proxy_batch_l4_required_no_candidate_no_baseline_no_runtime_authority,inconclusive,branch_worktree_fit|time_axis_check|feature_label_boundary_check|split_boundary_check|selection_bias_check|run_manifest|experiment_receipt|storage_contract_check|runtime_learning_probe_decision|proxy_runtime_parity_decision|final_claim_guard|L4_split_runtime_probe_for_valid_proxy_run,lab/runs/onnxlab_wave01_eb_cell_001_event_barrier_surface_v0/,work_wave01_event_barrier_l4_materialization_preflight_v0,executed_proxy_observation_l4_required
onnxlab_wave01_eb_cell_002_event_barrier_surface_v0,wave_us100_closedbar_surface_cartography_v0,campaign_us100_event_barrier_decision_surface_v0,idea_us100_m5_event_barrier_decision_surface_v0,hyp_us100_event_barrier_decision_surface_v0,surface_us100_event_barrier_decision_surface_v0,sweep_us100_event_barrier_broad_v0,executed_proxy_observation_l4_required,2026-06-21T22:29:27.707415Z,model_training,spacesonar-model-validation,lab/runs/onnxlab_wave01_eb_cell_002_event_barrier_surface_v0/run_manifest.json,lab/runs/onnxlab_wave01_eb_cell_002_event_barrier_surface_v0/experiment_receipt.yaml,lab/runs/onnxlab_wave01_eb_cell_002_event_barrier_surface_v0/artifact_lineage.json,lab/runs/onnxlab_wave01_eb_cell_002_event_barrier_surface_v0/metrics.json,wave01_event_barrier_proxy_batch_l4_required_no_candidate_no_baseline_no_runtime_authority,preserved_clue,branch_worktree_fit|time_axis_check|feature_label_boundary_check|split_boundary_check|selection_bias_check|run_manifest|experiment_receipt|storage_contract_check|runtime_learning_probe_decision|proxy_runtime_parity_decision|final_claim_guard|L4_split_runtime_probe_for_valid_proxy_run,lab/runs/onnxlab_wave01_eb_cell_002_event_barrier_surface_v0/,work_wave01_event_barrier_l4_materialization_preflight_v0,executed_proxy_observation_l4_required
onnxlab_wave01_eb_cell_003_event_barrier_surface_v0,wave_us100_closedbar_surface_cartography_v0,campaign_us100_event_barrier_decision_surface_v0,idea_us100_m5_event_barrier_decision_surface_v0,hyp_us100_event_barrier_decision_surface_v0,surface_us100_event_barrier_decision_surface_v0,sweep_us100_event_barrier_broad_v0,executed_proxy_observation_l4_required,2026-06-21T22:29:32.287080Z,model_training,spacesonar-model-validation,lab/runs/onnxlab_wave01_eb_cell_003_event_barrier_surface_v0/run_manifest.json,lab/runs/onnxlab_wave01_eb_cell_003_event_barrier_surface_v0/experiment_receipt.yaml,lab/runs/onnxlab_wave01_eb_cell_003_event_barrier_surface_v0/artifact_lineage.json,lab/runs/onnxlab_wave01_eb_cell_003_event_barrier_surface_v0/metrics.json,wave01_event_barrier_proxy_batch_l4_required_no_candidate_no_baseline_no_runtime_authority,inconclusive,branch_worktree_fit|time_axis_check|feature_label_boundary_check|split_boundary_check|selection_bias_check|run_manifest|experiment_receipt|storage_contract_check|runtime_learning_probe_decision|proxy_runtime_parity_decision|final_claim_guard|L4_split_runtime_probe_for_valid_proxy_run,lab/runs/onnxlab_wave01_eb_cell_003_event_barrier_surface_v0/,work_wave01_event_barrier_l4_materialization_preflight_v0,executed_proxy_observation_l4_required
onnxlab_wave01_eb_cell_004_event_barrier_surface_v0,wave_us100_closedbar_surface_cartography_v0,campaign_us100_event_barrier_decision_surface_v0,idea_us100_m5_event_barrier_decision_surface_v0,hyp_us100_event_barrier_decision_surface_v0,surface_us100_event_barrier_decision_surface_v0,sweep_us100_event_barrier_broad_v0,executed_proxy_observation_l4_required,2026-06-21T22:29:35.630443Z,model_training,spacesonar-model-validation,lab/runs/onnxlab_wave01_eb_cell_004_event_barrier_surface_v0/run_manifest.json,lab/runs/onnxlab_wave01_eb_cell_004_event_barrier_surface_v0/experiment_receipt.yaml,lab/runs/onnxlab_wave01_eb_cell_004_event_barrier_surface_v0/artifact_lineage.json,lab/runs/onnxlab_wave01_eb_cell_004_event_barrier_surface_v0/metrics.json,wave01_event_barrier_proxy_batch_l4_required_no_candidate_no_baseline_no_runtime_authority,preserved_clue,branch_worktree_fit|time_axis_check|feature_label_boundary_check|split_boundary_check|selection_bias_check|run_manifest|experiment_receipt|storage_contract_check|runtime_learning_probe_decision|proxy_runtime_parity_decision|final_claim_guard|L4_split_runtime_probe_for_valid_proxy_run,lab/runs/onnxlab_wave01_eb_cell_004_event_barrier_surface_v0/,work_wave01_event_barrier_l4_materialization_preflight_v0,executed_proxy_observation_l4_required
onnxlab_wave01_eb_cell_005_event_barrier_surface_v0,wave_us100_closedbar_surface_cartography_v0,campaign_us100_event_barrier_decision_surface_v0,idea_us100_m5_event_barrier_decision_surface_v0,hyp_us100_event_barrier_decision_surface_v0,surface_us100_event_barrier_decision_surface_v0,sweep_us100_event_barrier_broad_v0,executed_proxy_observation_l4_required,2026-06-21T22:29:38.382414Z,model_training,spacesonar-model-validation,lab/runs/onnxlab_wave01_eb_cell_005_event_barrier_surface_v0/run_manifest.json,lab/runs/onnxlab_wave01_eb_cell_005_event_barrier_surface_v0/experiment_receipt.yaml,lab/runs/onnxlab_wave01_eb_cell_005_event_barrier_surface_v0/artifact_lineage.json,lab/runs/onnxlab_wave01_eb_cell_005_event_barrier_surface_v0/metrics.json,wave01_event_barrier_proxy_batch_l4_required_no_candidate_no_baseline_no_runtime_authority,inconclusive,branch_worktree_fit|time_axis_check|feature_label_boundary_check|split_boundary_check|selection_bias_check|run_manifest|experiment_receipt|storage_contract_check|runtime_learning_probe_decision|proxy_runtime_parity_decision|final_claim_guard|L4_split_runtime_probe_for_valid_proxy_run,lab/runs/onnxlab_wave01_eb_cell_005_event_barrier_surface_v0/,work_wave01_event_barrier_l4_materialization_preflight_v0,executed_proxy_observation_l4_required
onnxlab_wave01_eb_cell_006_event_barrier_surface_v0,wave_us100_closedbar_surface_cartography_v0,campaign_us100_event_barrier_decision_surface_v0,idea_us100_m5_event_barrier_decision_surface_v0,hyp_us100_event_barrier_decision_surface_v0,surface_us100_event_barrier_decision_surface_v0,sweep_us100_event_barrier_broad_v0,executed_proxy_observation_l4_required,2026-06-21T22:29:44.738537Z,model_training,spacesonar-model-validation,lab/runs/onnxlab_wave01_eb_cell_006_event_barrier_surface_v0/run_manifest.json,lab/runs/onnxlab_wave01_eb_cell_006_event_barrier_surface_v0/experiment_receipt.yaml,lab/runs/onnxlab_wave01_eb_cell_006_event_barrier_surface_v0/artifact_lineage.json,lab/runs/onnxlab_wave01_eb_cell_006_event_barrier_surface_v0/metrics.json,wave01_event_barrier_proxy_batch_l4_required_no_candidate_no_baseline_no_runtime_authority,preserved_clue,branch_worktree_fit|time_axis_check|feature_label_boundary_check|split_boundary_check|selection_bias_check|run_manifest|experiment_receipt|storage_contract_check|runtime_learning_probe_decision|proxy_runtime_parity_decision|final_claim_guard|L4_split_runtime_probe_for_valid_proxy_run,lab/runs/onnxlab_wave01_eb_cell_006_event_barrier_surface_v0/,work_wave01_event_barrier_l4_materialization_preflight_v0,executed_proxy_observation_l4_required
onnxlab_wave01_eb_cell_007_event_barrier_surface_v0,wave_us100_closedbar_surface_cartography_v0,campaign_us100_event_barrier_decision_surface_v0,idea_us100_m5_event_barrier_decision_surface_v0,hyp_us100_event_barrier_decision_surface_v0,surface_us100_event_barrier_decision_surface_v0,sweep_us100_event_barrier_broad_v0,executed_proxy_observation_l4_required,2026-06-21T22:29:46.884640Z,model_training,spacesonar-model-validation,lab/runs/onnxlab_wave01_eb_cell_007_event_barrier_surface_v0/run_manifest.json,lab/runs/onnxlab_wave01_eb_cell_007_event_barrier_surface_v0/experiment_receipt.yaml,lab/runs/onnxlab_wave01_eb_cell_007_event_barrier_surface_v0/artifact_lineage.json,lab/runs/onnxlab_wave01_eb_cell_007_event_barrier_surface_v0/metrics.json,wave01_event_barrier_proxy_batch_l4_required_no_candidate_no_baseline_no_runtime_authority,preserved_clue,branch_worktree_fit|time_axis_check|feature_label_boundary_check|split_boundary_check|selection_bias_check|run_manifest|experiment_receipt|storage_contract_check|runtime_learning_probe_decision|proxy_runtime_parity_decision|final_claim_guard|L4_split_runtime_probe_for_valid_proxy_run,lab/runs/onnxlab_wave01_eb_cell_007_event_barrier_surface_v0/,work_wave01_event_barrier_l4_materialization_preflight_v0,executed_proxy_observation_l4_required
onnxlab_wave01_eb_cell_008_event_barrier_surface_v0,wave_us100_closedbar_surface_cartography_v0,campaign_us100_event_barrier_decision_surface_v0,idea_us100_m5_event_barrier_decision_surface_v0,hyp_us100_event_barrier_decision_surface_v0,surface_us100_event_barrier_decision_surface_v0,sweep_us100_event_barrier_broad_v0,executed_proxy_observation_l4_required,2026-06-21T22:29:49.808335Z,model_training,spacesonar-model-validation,lab/runs/onnxlab_wave01_eb_cell_008_event_barrier_surface_v0/run_manifest.json,lab/runs/onnxlab_wave01_eb_cell_008_event_barrier_surface_v0/experiment_receipt.yaml,lab/runs/onnxlab_wave01_eb_cell_008_event_barrier_surface_v0/artifact_lineage.json,lab/runs/onnxlab_wave01_eb_cell_008_event_barrier_surface_v0/metrics.json,wave01_event_barrier_proxy_batch_l4_required_no_candidate_no_baseline_no_runtime_authority,preserved_clue,branch_worktree_fit|time_axis_check|feature_label_boundary_check|split_boundary_check|selection_bias_check|run_manifest|experiment_receipt|storage_contract_check|runtime_learning_probe_decision|proxy_runtime_parity_decision|final_claim_guard|L4_split_runtime_probe_for_valid_proxy_run,lab/runs/onnxlab_wave01_eb_cell_008_event_barrier_surface_v0/,work_wave01_event_barrier_l4_materialization_preflight_v0,executed_proxy_observation_l4_required
onnxlab_wave01_eb_cell_009_event_barrier_surface_v0,wave_us100_closedbar_surface_cartography_v0,campaign_us100_event_barrier_decision_surface_v0,idea_us100_m5_event_barrier_decision_surface_v0,hyp_us100_event_barrier_decision_surface_v0,surface_us100_event_barrier_decision_surface_v0,sweep_us100_event_barrier_broad_v0,executed_proxy_observation_l4_required,2026-06-21T22:29:55.884250Z,model_training,spacesonar-model-validation,lab/runs/onnxlab_wave01_eb_cell_009_event_barrier_surface_v0/run_manifest.json,lab/runs/onnxlab_wave01_eb_cell_009_event_barrier_surface_v0/experiment_receipt.yaml,lab/runs/onnxlab_wave01_eb_cell_009_event_barrier_surface_v0/artifact_lineage.json,lab/runs/onnxlab_wave01_eb_cell_009_event_barrier_surface_v0/metrics.json,wave01_event_barrier_proxy_batch_l4_required_no_candidate_no_baseline_no_runtime_authority,preserved_clue,branch_worktree_fit|time_axis_check|feature_label_boundary_check|split_boundary_check|selection_bias_check|run_manifest|experiment_receipt|storage_contract_check|runtime_learning_probe_decision|proxy_runtime_parity_decision|final_claim_guard|L4_split_runtime_probe_for_valid_proxy_run,lab/runs/onnxlab_wave01_eb_cell_009_event_barrier_surface_v0/,work_wave01_event_barrier_l4_materialization_preflight_v0,executed_proxy_observation_l4_required
onnxlab_wave01_eb_cell_010_event_barrier_surface_v0,wave_us100_closedbar_surface_cartography_v0,campaign_us100_event_barrier_decision_surface_v0,idea_us100_m5_event_barrier_decision_surface_v0,hyp_us100_event_barrier_decision_surface_v0,surface_us100_event_barrier_decision_surface_v0,sweep_us100_event_barrier_broad_v0,executed_proxy_observation_l4_required,2026-06-21T22:30:00.288625Z,model_training,spacesonar-model-validation,lab/runs/onnxlab_wave01_eb_cell_010_event_barrier_surface_v0/run_manifest.json,lab/runs/onnxlab_wave01_eb_cell_010_event_barrier_surface_v0/experiment_receipt.yaml,lab/runs/onnxlab_wave01_eb_cell_010_event_barrier_surface_v0/artifact_lineage.json,lab/runs/onnxlab_wave01_eb_cell_010_event_barrier_surface_v0/metrics.json,wave01_event_barrier_proxy_batch_l4_required_no_candidate_no_baseline_no_runtime_authority,inconclusive,branch_worktree_fit|time_axis_check|feature_label_boundary_check|split_boundary_check|selection_bias_check|run_manifest|experiment_receipt|storage_contract_check|runtime_learning_probe_decision|proxy_runtime_parity_decision|final_claim_guard|L4_split_runtime_probe_for_valid_proxy_run,lab/runs/onnxlab_wave01_eb_cell_010_event_barrier_surface_v0/,work_wave01_event_barrier_l4_materialization_preflight_v0,executed_proxy_observation_l4_required
onnxlab_wave01_eb_cell_011_event_barrier_surface_v0,wave_us100_closedbar_surface_cartography_v0,campaign_us100_event_barrier_decision_surface_v0,idea_us100_m5_event_barrier_decision_surface_v0,hyp_us100_event_barrier_decision_surface_v0,surface_us100_event_barrier_decision_surface_v0,sweep_us100_event_barrier_broad_v0,executed_proxy_observation_l4_required,2026-06-21T22:30:08.410668Z,model_training,spacesonar-model-validation,lab/runs/onnxlab_wave01_eb_cell_011_event_barrier_surface_v0/run_manifest.json,lab/runs/onnxlab_wave01_eb_cell_011_event_barrier_surface_v0/experiment_receipt.yaml,lab/runs/onnxlab_wave01_eb_cell_011_event_barrier_surface_v0/artifact_lineage.json,lab/runs/onnxlab_wave01_eb_cell_011_event_barrier_surface_v0/metrics.json,wave01_event_barrier_proxy_batch_l4_required_no_candidate_no_baseline_no_runtime_authority,preserved_clue,branch_worktree_fit|time_axis_check|feature_label_boundary_check|split_boundary_check|selection_bias_check|run_manifest|experiment_receipt|storage_contract_check|runtime_learning_probe_decision|proxy_runtime_parity_decision|final_claim_guard|L4_split_runtime_probe_for_valid_proxy_run,lab/runs/onnxlab_wave01_eb_cell_011_event_barrier_surface_v0/,work_wave01_event_barrier_l4_materialization_preflight_v0,executed_proxy_observation_l4_required
onnxlab_wave01_eb_cell_012_event_barrier_surface_v0,wave_us100_closedbar_surface_cartography_v0,campaign_us100_event_barrier_decision_surface_v0,idea_us100_m5_event_barrier_decision_surface_v0,hyp_us100_event_barrier_decision_surface_v0,surface_us100_event_barrier_decision_surface_v0,sweep_us100_event_barrier_broad_v0,executed_proxy_observation_l4_required,2026-06-21T22:30:12.220574Z,model_training,spacesonar-model-validation,lab/runs/onnxlab_wave01_eb_cell_012_event_barrier_surface_v0/run_manifest.json,lab/runs/onnxlab_wave01_eb_cell_012_event_barrier_surface_v0/experiment_receipt.yaml,lab/runs/onnxlab_wave01_eb_cell_012_event_barrier_surface_v0/artifact_lineage.json,lab/runs/onnxlab_wave01_eb_cell_012_event_barrier_surface_v0/metrics.json,wave01_event_barrier_proxy_batch_l4_required_no_candidate_no_baseline_no_runtime_authority,preserved_clue,branch_worktree_fit|time_axis_check|feature_label_boundary_check|split_boundary_check|selection_bias_check|run_manifest|experiment_receipt|storage_contract_check|runtime_learning_probe_decision|proxy_runtime_parity_decision|final_claim_guard|L4_split_runtime_probe_for_valid_proxy_run,lab/runs/onnxlab_wave01_eb_cell_012_event_barrier_surface_v0/,work_wave01_event_barrier_l4_materialization_preflight_v0,executed_proxy_observation_l4_required
onnxlab_wave01_st_cell_001_session_transition_surface_v0,wave_us100_closedbar_surface_cartography_v0,campaign_us100_session_transition_regime_surface_v0,idea_us100_m5_session_transition_regime_surface_v0,hyp_us100_session_transition_regime_surface_v0,surface_us100_session_transition_regime_surface_v0,sweep_us100_session_transition_broad_v0,executed_proxy_observation_l4_required,2026-06-22T03:11:46.870117Z,model_training,spacesonar-model-validation,lab/runs/onnxlab_wave01_st_cell_001_session_transition_surface_v0/run_manifest.json,lab/runs/onnxlab_wave01_st_cell_001_session_transition_surface_v0/experiment_receipt.yaml,lab/runs/onnxlab_wave01_st_cell_001_session_transition_surface_v0/artifact_lineage.json,lab/runs/onnxlab_wave01_st_cell_001_session_transition_surface_v0/metrics.json,wave01_session_transition_proxy_batch_l4_required_no_candidate_no_baseline_no_runtime_authority,inconclusive,branch_worktree_fit|time_axis_check|feature_label_boundary_check|split_boundary_check|selection_bias_check|run_manifest|experiment_receipt|storage_contract_check|runtime_learning_probe_decision|proxy_runtime_parity_decision|final_claim_guard|L4_split_runtime_probe_for_valid_proxy_run,lab/runs/onnxlab_wave01_st_cell_001_session_transition_surface_v0/,work_wave01_session_transition_l4_materialization_preflight_v0,executed_proxy_observation_l4_required
onnxlab_wave01_st_cell_002_session_transition_surface_v0,wave_us100_closedbar_surface_cartography_v0,campaign_us100_session_transition_regime_surface_v0,idea_us100_m5_session_transition_regime_surface_v0,hyp_us100_session_transition_regime_surface_v0,surface_us100_session_transition_regime_surface_v0,sweep_us100_session_transition_broad_v0,executed_proxy_observation_l4_required,2026-06-22T03:11:54.201791Z,model_training,spacesonar-model-validation,lab/runs/onnxlab_wave01_st_cell_002_session_transition_surface_v0/run_manifest.json,lab/runs/onnxlab_wave01_st_cell_002_session_transition_surface_v0/experiment_receipt.yaml,lab/runs/onnxlab_wave01_st_cell_002_session_transition_surface_v0/artifact_lineage.json,lab/runs/onnxlab_wave01_st_cell_002_session_transition_surface_v0/metrics.json,wave01_session_transition_proxy_batch_l4_required_no_candidate_no_baseline_no_runtime_authority,preserved_clue,branch_worktree_fit|time_axis_check|feature_label_boundary_check|split_boundary_check|selection_bias_check|run_manifest|experiment_receipt|storage_contract_check|runtime_learning_probe_decision|proxy_runtime_parity_decision|final_claim_guard|L4_split_runtime_probe_for_valid_proxy_run,lab/runs/onnxlab_wave01_st_cell_002_session_transition_surface_v0/,work_wave01_session_transition_l4_materialization_preflight_v0,executed_proxy_observation_l4_required
onnxlab_wave01_st_cell_003_session_transition_surface_v0,wave_us100_closedbar_surface_cartography_v0,campaign_us100_session_transition_regime_surface_v0,idea_us100_m5_session_transition_regime_surface_v0,hyp_us100_session_transition_regime_surface_v0,surface_us100_session_transition_regime_surface_v0,sweep_us100_session_transition_broad_v0,executed_proxy_observation_l4_required,2026-06-22T03:11:59.418218Z,model_training,spacesonar-model-validation,lab/runs/onnxlab_wave01_st_cell_003_session_transition_surface_v0/run_manifest.json,lab/runs/onnxlab_wave01_st_cell_003_session_transition_surface_v0/experiment_receipt.yaml,lab/runs/onnxlab_wave01_st_cell_003_session_transition_surface_v0/artifact_lineage.json,lab/runs/onnxlab_wave01_st_cell_003_session_transition_surface_v0/metrics.json,wave01_session_transition_proxy_batch_l4_required_no_candidate_no_baseline_no_runtime_authority,preserved_clue,branch_worktree_fit|time_axis_check|feature_label_boundary_check|split_boundary_check|selection_bias_check|run_manifest|experiment_receipt|storage_contract_check|runtime_learning_probe_decision|proxy_runtime_parity_decision|final_claim_guard|L4_split_runtime_probe_for_valid_proxy_run,lab/runs/onnxlab_wave01_st_cell_003_session_transition_surface_v0/,work_wave01_session_transition_l4_materialization_preflight_v0,executed_proxy_observation_l4_required
onnxlab_wave01_st_cell_004_session_transition_surface_v0,wave_us100_closedbar_surface_cartography_v0,campaign_us100_session_transition_regime_surface_v0,idea_us100_m5_session_transition_regime_surface_v0,hyp_us100_session_transition_regime_surface_v0,surface_us100_session_transition_regime_surface_v0,sweep_us100_session_transition_broad_v0,executed_proxy_observation_l4_required,2026-06-22T03:12:03.283514Z,model_training,spacesonar-model-validation,lab/runs/onnxlab_wave01_st_cell_004_session_transition_surface_v0/run_manifest.json,lab/runs/onnxlab_wave01_st_cell_004_session_transition_surface_v0/experiment_receipt.yaml,lab/runs/onnxlab_wave01_st_cell_004_session_transition_surface_v0/artifact_lineage.json,lab/runs/onnxlab_wave01_st_cell_004_session_transition_surface_v0/metrics.json,wave01_session_transition_proxy_batch_l4_required_no_candidate_no_baseline_no_runtime_authority,negative,branch_worktree_fit|time_axis_check|feature_label_boundary_check|split_boundary_check|selection_bias_check|run_manifest|experiment_receipt|storage_contract_check|runtime_learning_probe_decision|proxy_runtime_parity_decision|final_claim_guard|L4_split_runtime_probe_for_valid_proxy_run,lab/runs/onnxlab_wave01_st_cell_004_session_transition_surface_v0/,work_wave01_session_transition_l4_materialization_preflight_v0,executed_proxy_observation_l4_required
onnxlab_wave01_st_cell_005_session_transition_surface_v0,wave_us100_closedbar_surface_cartography_v0,campaign_us100_session_transition_regime_surface_v0,idea_us100_m5_session_transition_regime_surface_v0,hyp_us100_session_transition_regime_surface_v0,surface_us100_session_transition_regime_surface_v0,sweep_us100_session_transition_broad_v0,executed_proxy_observation_l4_required,2026-06-22T03:12:08.088442Z,model_training,spacesonar-model-validation,lab/runs/onnxlab_wave01_st_cell_005_session_transition_surface_v0/run_manifest.json,lab/runs/onnxlab_wave01_st_cell_005_session_transition_surface_v0/experiment_receipt.yaml,lab/runs/onnxlab_wave01_st_cell_005_session_transition_surface_v0/artifact_lineage.json,lab/runs/onnxlab_wave01_st_cell_005_session_transition_surface_v0/metrics.json,wave01_session_transition_proxy_batch_l4_required_no_candidate_no_baseline_no_runtime_authority,inconclusive,branch_worktree_fit|time_axis_check|feature_label_boundary_check|split_boundary_check|selection_bias_check|run_manifest|experiment_receipt|storage_contract_check|runtime_learning_probe_decision|proxy_runtime_parity_decision|final_claim_guard|L4_split_runtime_probe_for_valid_proxy_run,lab/runs/onnxlab_wave01_st_cell_005_session_transition_surface_v0/,work_wave01_session_transition_l4_materialization_preflight_v0,executed_proxy_observation_l4_required
onnxlab_wave01_st_cell_006_session_transition_surface_v0,wave_us100_closedbar_surface_cartography_v0,campaign_us100_session_transition_regime_surface_v0,idea_us100_m5_session_transition_regime_surface_v0,hyp_us100_session_transition_regime_surface_v0,surface_us100_session_transition_regime_surface_v0,sweep_us100_session_transition_broad_v0,executed_proxy_observation_l4_required,2026-06-22T03:12:14.927863Z,model_training,spacesonar-model-validation,lab/runs/onnxlab_wave01_st_cell_006_session_transition_surface_v0/run_manifest.json,lab/runs/onnxlab_wave01_st_cell_006_session_transition_surface_v0/experiment_receipt.yaml,lab/runs/onnxlab_wave01_st_cell_006_session_transition_surface_v0/artifact_lineage.json,lab/runs/onnxlab_wave01_st_cell_006_session_transition_surface_v0/metrics.json,wave01_session_transition_proxy_batch_l4_required_no_candidate_no_baseline_no_runtime_authority,preserved_clue,branch_worktree_fit|time_axis_check|feature_label_boundary_check|split_boundary_check|selection_bias_check|run_manifest|experiment_receipt|storage_contract_check|runtime_learning_probe_decision|proxy_runtime_parity_decision|final_claim_guard|L4_split_runtime_probe_for_valid_proxy_run,lab/runs/onnxlab_wave01_st_cell_006_session_transition_surface_v0/,work_wave01_session_transition_l4_materialization_preflight_v0,executed_proxy_observation_l4_required
onnxlab_wave01_st_cell_007_session_transition_surface_v0,wave_us100_closedbar_surface_cartography_v0,campaign_us100_session_transition_regime_surface_v0,idea_us100_m5_session_transition_regime_surface_v0,hyp_us100_session_transition_regime_surface_v0,surface_us100_session_transition_regime_surface_v0,sweep_us100_session_transition_broad_v0,executed_proxy_observation_l4_required,2026-06-22T03:12:20.835594Z,model_training,spacesonar-model-validation,lab/runs/onnxlab_wave01_st_cell_007_session_transition_surface_v0/run_manifest.json,lab/runs/onnxlab_wave01_st_cell_007_session_transition_surface_v0/experiment_receipt.yaml,lab/runs/onnxlab_wave01_st_cell_007_session_transition_surface_v0/artifact_lineage.json,lab/runs/onnxlab_wave01_st_cell_007_session_transition_surface_v0/metrics.json,wave01_session_transition_proxy_batch_l4_required_no_candidate_no_baseline_no_runtime_authority,inconclusive,branch_worktree_fit|time_axis_check|feature_label_boundary_check|split_boundary_check|selection_bias_check|run_manifest|experiment_receipt|storage_contract_check|runtime_learning_probe_decision|proxy_runtime_parity_decision|final_claim_guard|L4_split_runtime_probe_for_valid_proxy_run,lab/runs/onnxlab_wave01_st_cell_007_session_transition_surface_v0/,work_wave01_session_transition_l4_materialization_preflight_v0,executed_proxy_observation_l4_required
onnxlab_wave01_st_cell_008_session_transition_surface_v0,wave_us100_closedbar_surface_cartography_v0,campaign_us100_session_transition_regime_surface_v0,idea_us100_m5_session_transition_regime_surface_v0,hyp_us100_session_transition_regime_surface_v0,surface_us100_session_transition_regime_surface_v0,sweep_us100_session_transition_broad_v0,executed_proxy_observation_l4_required,2026-06-22T03:12:25.244528Z,model_training,spacesonar-model-validation,lab/runs/onnxlab_wave01_st_cell_008_session_transition_surface_v0/run_manifest.json,lab/runs/onnxlab_wave01_st_cell_008_session_transition_surface_v0/experiment_receipt.yaml,lab/runs/onnxlab_wave01_st_cell_008_session_transition_surface_v0/artifact_lineage.json,lab/runs/onnxlab_wave01_st_cell_008_session_transition_surface_v0/metrics.json,wave01_session_transition_proxy_batch_l4_required_no_candidate_no_baseline_no_runtime_authority,negative,branch_worktree_fit|time_axis_check|feature_label_boundary_check|split_boundary_check|selection_bias_check|run_manifest|experiment_receipt|storage_contract_check|runtime_learning_probe_decision|proxy_runtime_parity_decision|final_claim_guard|L4_split_runtime_probe_for_valid_proxy_run,lab/runs/onnxlab_wave01_st_cell_008_session_transition_surface_v0/,work_wave01_session_transition_l4_materialization_preflight_v0,executed_proxy_observation_l4_required
onnxlab_wave01_st_cell_009_session_transition_surface_v0,wave_us100_closedbar_surface_cartography_v0,campaign_us100_session_transition_regime_surface_v0,idea_us100_m5_session_transition_regime_surface_v0,hyp_us100_session_transition_regime_surface_v0,surface_us100_session_transition_regime_surface_v0,sweep_us100_session_transition_broad_v0,executed_proxy_observation_l4_required,2026-06-22T03:12:31.048217Z,model_training,spacesonar-model-validation,lab/runs/onnxlab_wave01_st_cell_009_session_transition_surface_v0/run_manifest.json,lab/runs/onnxlab_wave01_st_cell_009_session_transition_surface_v0/experiment_receipt.yaml,lab/runs/onnxlab_wave01_st_cell_009_session_transition_surface_v0/artifact_lineage.json,lab/runs/onnxlab_wave01_st_cell_009_session_transition_surface_v0/metrics.json,wave01_session_transition_proxy_batch_l4_required_no_candidate_no_baseline_no_runtime_authority,preserved_clue,branch_worktree_fit|time_axis_check|feature_label_boundary_check|split_boundary_check|selection_bias_check|run_manifest|experiment_receipt|storage_contract_check|runtime_learning_probe_decision|proxy_runtime_parity_decision|final_claim_guard|L4_split_runtime_probe_for_valid_proxy_run,lab/runs/onnxlab_wave01_st_cell_009_session_transition_surface_v0/,work_wave01_session_transition_l4_materialization_preflight_v0,executed_proxy_observation_l4_required
onnxlab_wave01_st_cell_010_session_transition_surface_v0,wave_us100_closedbar_surface_cartography_v0,campaign_us100_session_transition_regime_surface_v0,idea_us100_m5_session_transition_regime_surface_v0,hyp_us100_session_transition_regime_surface_v0,surface_us100_session_transition_regime_surface_v0,sweep_us100_session_transition_broad_v0,executed_proxy_observation_l4_required,2026-06-22T03:12:35.863422Z,model_training,spacesonar-model-validation,lab/runs/onnxlab_wave01_st_cell_010_session_transition_surface_v0/run_manifest.json,lab/runs/onnxlab_wave01_st_cell_010_session_transition_surface_v0/experiment_receipt.yaml,lab/runs/onnxlab_wave01_st_cell_010_session_transition_surface_v0/artifact_lineage.json,lab/runs/onnxlab_wave01_st_cell_010_session_transition_surface_v0/metrics.json,wave01_session_transition_proxy_batch_l4_required_no_candidate_no_baseline_no_runtime_authority,preserved_clue,branch_worktree_fit|time_axis_check|feature_label_boundary_check|split_boundary_check|selection_bias_check|run_manifest|experiment_receipt|storage_contract_check|runtime_learning_probe_decision|proxy_runtime_parity_decision|final_claim_guard|L4_split_runtime_probe_for_valid_proxy_run,lab/runs/onnxlab_wave01_st_cell_010_session_transition_surface_v0/,work_wave01_session_transition_l4_materialization_preflight_v0,executed_proxy_observation_l4_required
onnxlab_wave02_crh_cell_001_cost_risk_holding_v0,wave_us100_wave02_tradeability_decision_surface_v0,campaign_us100_wave02_cost_risk_holding_surface_v0,idea_us100_wave02_cost_risk_holding_surface_v0,hyp_us100_wave02_cost_risk_holding_runtime_alignment_v0,surface_us100_wave02_cost_risk_holding_v0,sweep_us100_wave02_cost_risk_holding_broad_v0,executed_proxy_observation_l4_required,2026-06-27T22:14:35Z,model_training,spacesonar-model-validation,lab/runs/onnxlab_wave02_crh_cell_001_cost_risk_holding_v0/run_manifest.json,lab/runs/onnxlab_wave02_crh_cell_001_cost_risk_holding_v0/experiment_receipt.yaml,lab/runs/onnxlab_wave02_crh_cell_001_cost_risk_holding_v0/artifact_lineage.json,lab/runs/onnxlab_wave02_crh_cell_001_cost_risk_holding_v0/metrics.json,wave02_cost_risk_holding_proxy_observation_l4_required_no_candidate_no_runtime_authority_no_economics_pass_no_live_readiness_no_goal_achieve,preserved_clue,,lab/runs/onnxlab_wave02_crh_cell_001_cost_risk_holding_v0/,work_wave02_cost_risk_holding_l4_materialization_preflight_v0,executed_proxy_observation_l4_required
onnxlab_wave02_crh_cell_002_cost_risk_holding_v0,wave_us100_wave02_tradeability_decision_surface_v0,campaign_us100_wave02_cost_risk_holding_surface_v0,idea_us100_wave02_cost_risk_holding_surface_v0,hyp_us100_wave02_cost_risk_holding_runtime_alignment_v0,surface_us100_wave02_cost_risk_holding_v0,sweep_us100_wave02_cost_risk_holding_broad_v0,executed_proxy_observation_l4_required,2026-06-27T22:14:35Z,model_training,spacesonar-model-validation,lab/runs/onnxlab_wave02_crh_cell_002_cost_risk_holding_v0/run_manifest.json,lab/runs/onnxlab_wave02_crh_cell_002_cost_risk_holding_v0/experiment_receipt.yaml,lab/runs/onnxlab_wave02_crh_cell_002_cost_risk_holding_v0/artifact_lineage.json,lab/runs/onnxlab_wave02_crh_cell_002_cost_risk_holding_v0/metrics.json,wave02_cost_risk_holding_proxy_observation_l4_required_no_candidate_no_runtime_authority_no_economics_pass_no_live_readiness_no_goal_achieve,preserved_clue,,lab/runs/onnxlab_wave02_crh_cell_002_cost_risk_holding_v0/,work_wave02_cost_risk_holding_l4_materialization_preflight_v0,executed_proxy_observation_l4_required
onnxlab_wave02_crh_cell_003_cost_risk_holding_v0,wave_us100_wave02_tradeability_decision_surface_v0,campaign_us100_wave02_cost_risk_holding_surface_v0,idea_us100_wave02_cost_risk_holding_surface_v0,hyp_us100_wave02_cost_risk_holding_runtime_alignment_v0,surface_us100_wave02_cost_risk_holding_v0,sweep_us100_wave02_cost_risk_holding_broad_v0,executed_proxy_observation_l4_required,2026-06-27T22:14:35Z,model_training,spacesonar-model-validation,lab/runs/onnxlab_wave02_crh_cell_003_cost_risk_holding_v0/run_manifest.json,lab/runs/onnxlab_wave02_crh_cell_003_cost_risk_holding_v0/experiment_receipt.yaml,lab/runs/onnxlab_wave02_crh_cell_003_cost_risk_holding_v0/artifact_lineage.json,lab/runs/onnxlab_wave02_crh_cell_003_cost_risk_holding_v0/metrics.json,wave02_cost_risk_holding_proxy_observation_l4_required_no_candidate_no_runtime_authority_no_economics_pass_no_live_readiness_no_goal_achieve,preserved_clue,,lab/runs/onnxlab_wave02_crh_cell_003_cost_risk_holding_v0/,work_wave02_cost_risk_holding_l4_materialization_preflight_v0,executed_proxy_observation_l4_required
onnxlab_wave02_crh_cell_004_cost_risk_holding_v0,wave_us100_wave02_tradeability_decision_surface_v0,campaign_us100_wave02_cost_risk_holding_surface_v0,idea_us100_wave02_cost_risk_holding_surface_v0,hyp_us100_wave02_cost_risk_holding_runtime_alignment_v0,surface_us100_wave02_cost_risk_holding_v0,sweep_us100_wave02_cost_risk_holding_broad_v0,executed_proxy_observation_l4_required,2026-06-27T22:14:35Z,model_training,spacesonar-model-validation,lab/runs/onnxlab_wave02_crh_cell_004_cost_risk_holding_v0/run_manifest.json,lab/runs/onnxlab_wave02_crh_cell_004_cost_risk_holding_v0/experiment_receipt.yaml,lab/runs/onnxlab_wave02_crh_cell_004_cost_risk_holding_v0/artifact_lineage.json,lab/runs/onnxlab_wave02_crh_cell_004_cost_risk_holding_v0/metrics.json,wave02_cost_risk_holding_proxy_observation_l4_required_no_candidate_no_runtime_authority_no_economics_pass_no_live_readiness_no_goal_achieve,preserved_clue,,lab/runs/onnxlab_wave02_crh_cell_004_cost_risk_holding_v0/,work_wave02_cost_risk_holding_l4_materialization_preflight_v0,executed_proxy_observation_l4_required
onnxlab_wave02_crh_cell_005_cost_risk_holding_v0,wave_us100_wave02_tradeability_decision_surface_v0,campaign_us100_wave02_cost_risk_holding_surface_v0,idea_us100_wave02_cost_risk_holding_surface_v0,hyp_us100_wave02_cost_risk_holding_runtime_alignment_v0,surface_us100_wave02_cost_risk_holding_v0,sweep_us100_wave02_cost_risk_holding_broad_v0,executed_proxy_observation_l4_required,2026-06-27T22:14:35Z,model_training,spacesonar-model-validation,lab/runs/onnxlab_wave02_crh_cell_005_cost_risk_holding_v0/run_manifest.json,lab/runs/onnxlab_wave02_crh_cell_005_cost_risk_holding_v0/experiment_receipt.yaml,lab/runs/onnxlab_wave02_crh_cell_005_cost_risk_holding_v0/artifact_lineage.json,lab/runs/onnxlab_wave02_crh_cell_005_cost_risk_holding_v0/metrics.json,wave02_cost_risk_holding_proxy_observation_l4_required_no_candidate_no_runtime_authority_no_economics_pass_no_live_readiness_no_goal_achieve,preserved_clue,,lab/runs/onnxlab_wave02_crh_cell_005_cost_risk_holding_v0/,work_wave02_cost_risk_holding_l4_materialization_preflight_v0,executed_proxy_observation_l4_required
onnxlab_wave02_crh_cell_006_cost_risk_holding_v0,wave_us100_wave02_tradeability_decision_surface_v0,campaign_us100_wave02_cost_risk_holding_surface_v0,idea_us100_wave02_cost_risk_holding_surface_v0,hyp_us100_wave02_cost_risk_holding_runtime_alignment_v0,surface_us100_wave02_cost_risk_holding_v0,sweep_us100_wave02_cost_risk_holding_broad_v0,executed_proxy_observation_l4_required,2026-06-27T22:14:35Z,model_training,spacesonar-model-validation,lab/runs/onnxlab_wave02_crh_cell_006_cost_risk_holding_v0/run_manifest.json,lab/runs/onnxlab_wave02_crh_cell_006_cost_risk_holding_v0/experiment_receipt.yaml,lab/runs/onnxlab_wave02_crh_cell_006_cost_risk_holding_v0/artifact_lineage.json,lab/runs/onnxlab_wave02_crh_cell_006_cost_risk_holding_v0/metrics.json,wave02_cost_risk_holding_proxy_observation_l4_required_no_candidate_no_runtime_authority_no_economics_pass_no_live_readiness_no_goal_achieve,preserved_clue,,lab/runs/onnxlab_wave02_crh_cell_006_cost_risk_holding_v0/,work_wave02_cost_risk_holding_l4_materialization_preflight_v0,executed_proxy_observation_l4_required
onnxlab_wave02_elq_cell_001_execution_liquidity_v0,wave_us100_wave02_tradeability_decision_surface_v0,campaign_us100_wave02_execution_liquidity_surface_v0,idea_us100_wave02_execution_liquidity_surface_v0,hyp_us100_wave02_execution_liquidity_runtime_alignment_v0,surface_us100_wave02_execution_liquidity_v0,sweep_us100_wave02_execution_liquidity_broad_v0,executed_proxy_observation_l4_required,2026-06-28T01:00:11Z,model_training,spacesonar-model-validation,lab/runs/onnxlab_wave02_elq_cell_001_execution_liquidity_v0/run_manifest.json,lab/runs/onnxlab_wave02_elq_cell_001_execution_liquidity_v0/experiment_receipt.yaml,lab/runs/onnxlab_wave02_elq_cell_001_execution_liquidity_v0/artifact_lineage.json,lab/runs/onnxlab_wave02_elq_cell_001_execution_liquidity_v0/metrics.json,wave02_execution_liquidity_proxy_observation_l4_required_no_candidate_no_runtime_authority_no_economics_pass_no_live_readiness_no_goal_achieve,preserved_clue,,lab/runs/onnxlab_wave02_elq_cell_001_execution_liquidity_v0/,work_wave02_execution_liquidity_l4_materialization_preflight_v0,executed_proxy_observation_l4_required
onnxlab_wave02_elq_cell_002_execution_liquidity_v0,wave_us100_wave02_tradeability_decision_surface_v0,campaign_us100_wave02_execution_liquidity_surface_v0,idea_us100_wave02_execution_liquidity_surface_v0,hyp_us100_wave02_execution_liquidity_runtime_alignment_v0,surface_us100_wave02_execution_liquidity_v0,sweep_us100_wave02_execution_liquidity_broad_v0,executed_proxy_observation_l4_required,2026-06-28T01:00:11Z,model_training,spacesonar-model-validation,lab/runs/onnxlab_wave02_elq_cell_002_execution_liquidity_v0/run_manifest.json,lab/runs/onnxlab_wave02_elq_cell_002_execution_liquidity_v0/experiment_receipt.yaml,lab/runs/onnxlab_wave02_elq_cell_002_execution_liquidity_v0/artifact_lineage.json,lab/runs/onnxlab_wave02_elq_cell_002_execution_liquidity_v0/metrics.json,wave02_execution_liquidity_proxy_observation_l4_required_no_candidate_no_runtime_authority_no_economics_pass_no_live_readiness_no_goal_achieve,preserved_clue,,lab/runs/onnxlab_wave02_elq_cell_002_execution_liquidity_v0/,work_wave02_execution_liquidity_l4_materialization_preflight_v0,executed_proxy_observation_l4_required
onnxlab_wave02_elq_cell_003_execution_liquidity_v0,wave_us100_wave02_tradeability_decision_surface_v0,campaign_us100_wave02_execution_liquidity_surface_v0,idea_us100_wave02_execution_liquidity_surface_v0,hyp_us100_wave02_execution_liquidity_runtime_alignment_v0,surface_us100_wave02_execution_liquidity_v0,sweep_us100_wave02_execution_liquidity_broad_v0,executed_proxy_observation_l4_required,2026-06-28T01:00:11Z,model_training,spacesonar-model-validation,lab/runs/onnxlab_wave02_elq_cell_003_execution_liquidity_v0/run_manifest.json,lab/runs/onnxlab_wave02_elq_cell_003_execution_liquidity_v0/experiment_receipt.yaml,lab/runs/onnxlab_wave02_elq_cell_003_execution_liquidity_v0/artifact_lineage.json,lab/runs/onnxlab_wave02_elq_cell_003_execution_liquidity_v0/metrics.json,wave02_execution_liquidity_proxy_observation_l4_required_no_candidate_no_runtime_authority_no_economics_pass_no_live_readiness_no_goal_achieve,preserved_clue,,lab/runs/onnxlab_wave02_elq_cell_003_execution_liquidity_v0/,work_wave02_execution_liquidity_l4_materialization_preflight_v0,executed_proxy_observation_l4_required
onnxlab_wave02_elq_cell_004_execution_liquidity_v0,wave_us100_wave02_tradeability_decision_surface_v0,campaign_us100_wave02_execution_liquidity_surface_v0,idea_us100_wave02_execution_liquidity_surface_v0,hyp_us100_wave02_execution_liquidity_runtime_alignment_v0,surface_us100_wave02_execution_liquidity_v0,sweep_us100_wave02_execution_liquidity_broad_v0,executed_proxy_observation_l4_required,2026-06-28T01:00:11Z,model_training,spacesonar-model-validation,lab/runs/onnxlab_wave02_elq_cell_004_execution_liquidity_v0/run_manifest.json,lab/runs/onnxlab_wave02_elq_cell_004_execution_liquidity_v0/experiment_receipt.yaml,lab/runs/onnxlab_wave02_elq_cell_004_execution_liquidity_v0/artifact_lineage.json,lab/runs/onnxlab_wave02_elq_cell_004_execution_liquidity_v0/metrics.json,wave02_execution_liquidity_proxy_observation_l4_required_no_candidate_no_runtime_authority_no_economics_pass_no_live_readiness_no_goal_achieve,preserved_clue,,lab/runs/onnxlab_wave02_elq_cell_004_execution_liquidity_v0/,work_wave02_execution_liquidity_l4_materialization_preflight_v0,executed_proxy_observation_l4_required
onnxlab_wave02_elq_cell_005_execution_liquidity_v0,wave_us100_wave02_tradeability_decision_surface_v0,campaign_us100_wave02_execution_liquidity_surface_v0,idea_us100_wave02_execution_liquidity_surface_v0,hyp_us100_wave02_execution_liquidity_runtime_alignment_v0,surface_us100_wave02_execution_liquidity_v0,sweep_us100_wave02_execution_liquidity_broad_v0,executed_proxy_observation_l4_required,2026-06-28T01:00:11Z,model_training,spacesonar-model-validation,lab/runs/onnxlab_wave02_elq_cell_005_execution_liquidity_v0/run_manifest.json,lab/runs/onnxlab_wave02_elq_cell_005_execution_liquidity_v0/experiment_receipt.yaml,lab/runs/onnxlab_wave02_elq_cell_005_execution_liquidity_v0/artifact_lineage.json,lab/runs/onnxlab_wave02_elq_cell_005_execution_liquidity_v0/metrics.json,wave02_execution_liquidity_proxy_observation_l4_required_no_candidate_no_runtime_authority_no_economics_pass_no_live_readiness_no_goal_achieve,preserved_clue,,lab/runs/onnxlab_wave02_elq_cell_005_execution_liquidity_v0/,work_wave02_execution_liquidity_l4_materialization_preflight_v0,executed_proxy_observation_l4_required
onnxlab_wave02_elq_cell_006_execution_liquidity_v0,wave_us100_wave02_tradeability_decision_surface_v0,campaign_us100_wave02_execution_liquidity_surface_v0,idea_us100_wave02_execution_liquidity_surface_v0,hyp_us100_wave02_execution_liquidity_runtime_alignment_v0,surface_us100_wave02_execution_liquidity_v0,sweep_us100_wave02_execution_liquidity_broad_v0,executed_proxy_observation_l4_required,2026-06-28T01:00:11Z,model_training,spacesonar-model-validation,lab/runs/onnxlab_wave02_elq_cell_006_execution_liquidity_v0/run_manifest.json,lab/runs/onnxlab_wave02_elq_cell_006_execution_liquidity_v0/experiment_receipt.yaml,lab/runs/onnxlab_wave02_elq_cell_006_execution_liquidity_v0/artifact_lineage.json,lab/runs/onnxlab_wave02_elq_cell_006_execution_liquidity_v0/metrics.json,wave02_execution_liquidity_proxy_observation_l4_required_no_candidate_no_runtime_authority_no_economics_pass_no_live_readiness_no_goal_achieve,preserved_clue,,lab/runs/onnxlab_wave02_elq_cell_006_execution_liquidity_v0/,work_wave02_execution_liquidity_l4_materialization_preflight_v0,executed_proxy_observation_l4_required
onnxlab_wave02_td_cell_001_tradeability_side_abstain_v0,wave_us100_wave02_tradeability_decision_surface_v0,campaign_us100_wave02_tradeability_decision_surface_v0,idea_us100_wave02_tradeability_side_abstain_surface_v0,hyp_us100_wave02_tradeability_side_abstain_runtime_alignment_v0,surface_us100_wave02_tradeability_side_abstain_v0,sweep_us100_wave02_tradeability_side_abstain_broad_v0,executed_proxy_observation_l4_required,2026-06-27T17:34:44.420964Z,model_training,spacesonar-model-validation,lab/runs/onnxlab_wave02_td_cell_001_tradeability_side_abstain_v0/run_manifest.json,lab/runs/onnxlab_wave02_td_cell_001_tradeability_side_abstain_v0/experiment_receipt.yaml,lab/runs/onnxlab_wave02_td_cell_001_tradeability_side_abstain_v0/artifact_lineage.json,lab/runs/onnxlab_wave02_td_cell_001_tradeability_side_abstain_v0/metrics.json,wave02_proxy_observation_l4_required_no_candidate_no_runtime_authority_no_economics_pass_no_live_readiness_no_goal_achieve,preserved_clue,branch_worktree_fit|time_axis_check|feature_label_boundary_check|split_boundary_check|selection_bias_check|run_manifest|experiment_receipt|storage_contract_check|runtime_learning_probe_decision|proxy_runtime_parity_decision|final_claim_guard|L4_split_runtime_probe_for_valid_proxy_run,lab/runs/onnxlab_wave02_td_cell_001_tradeability_side_abstain_v0/reports/proxy_tradeability_report.json,work_wave02_tradeability_l4_materialization_preflight_v0,Wave02 proxy observation only; L4 follow-through required before runtime claims.
onnxlab_wave02_td_cell_002_tradeability_side_abstain_v0,wave_us100_wave02_tradeability_decision_surface_v0,campaign_us100_wave02_tradeability_decision_surface_v0,idea_us100_wave02_tradeability_side_abstain_surface_v0,hyp_us100_wave02_tradeability_side_abstain_runtime_alignment_v0,surface_us100_wave02_tradeability_side_abstain_v0,sweep_us100_wave02_tradeability_side_abstain_broad_v0,executed_proxy_observation_l4_required,2026-06-27T17:34:51.605182Z,model_training,spacesonar-model-validation,lab/runs/onnxlab_wave02_td_cell_002_tradeability_side_abstain_v0/run_manifest.json,lab/runs/onnxlab_wave02_td_cell_002_tradeability_side_abstain_v0/experiment_receipt.yaml,lab/runs/onnxlab_wave02_td_cell_002_tradeability_side_abstain_v0/artifact_lineage.json,lab/runs/onnxlab_wave02_td_cell_002_tradeability_side_abstain_v0/metrics.json,wave02_proxy_observation_l4_required_no_candidate_no_runtime_authority_no_economics_pass_no_live_readiness_no_goal_achieve,preserved_clue,branch_worktree_fit|time_axis_check|feature_label_boundary_check|split_boundary_check|selection_bias_check|run_manifest|experiment_receipt|storage_contract_check|runtime_learning_probe_decision|proxy_runtime_parity_decision|final_claim_guard|L4_split_runtime_probe_for_valid_proxy_run,lab/runs/onnxlab_wave02_td_cell_002_tradeability_side_abstain_v0/reports/proxy_tradeability_report.json,work_wave02_tradeability_l4_materialization_preflight_v0,Wave02 proxy observation only; L4 follow-through required before runtime claims.
onnxlab_wave02_td_cell_003_tradeability_side_abstain_v0,wave_us100_wave02_tradeability_decision_surface_v0,campaign_us100_wave02_tradeability_decision_surface_v0,idea_us100_wave02_tradeability_side_abstain_surface_v0,hyp_us100_wave02_tradeability_side_abstain_runtime_alignment_v0,surface_us100_wave02_tradeability_side_abstain_v0,sweep_us100_wave02_tradeability_side_abstain_broad_v0,executed_proxy_observation_l4_required,2026-06-27T17:34:56.900432Z,model_training,spacesonar-model-validation,lab/runs/onnxlab_wave02_td_cell_003_tradeability_side_abstain_v0/run_manifest.json,lab/runs/onnxlab_wave02_td_cell_003_tradeability_side_abstain_v0/experiment_receipt.yaml,lab/runs/onnxlab_wave02_td_cell_003_tradeability_side_abstain_v0/artifact_lineage.json,lab/runs/onnxlab_wave02_td_cell_003_tradeability_side_abstain_v0/metrics.json,wave02_proxy_observation_l4_required_no_candidate_no_runtime_authority_no_economics_pass_no_live_readiness_no_goal_achieve,preserved_clue,branch_worktree_fit|time_axis_check|feature_label_boundary_check|split_boundary_check|selection_bias_check|run_manifest|experiment_receipt|storage_contract_check|runtime_learning_probe_decision|proxy_runtime_parity_decision|final_claim_guard|L4_split_runtime_probe_for_valid_proxy_run,lab/runs/onnxlab_wave02_td_cell_003_tradeability_side_abstain_v0/reports/proxy_tradeability_report.json,work_wave02_tradeability_l4_materialization_preflight_v0,Wave02 proxy observation only; L4 follow-through required before runtime claims.
onnxlab_wave02_td_cell_004_tradeability_side_abstain_v0,wave_us100_wave02_tradeability_decision_surface_v0,campaign_us100_wave02_tradeability_decision_surface_v0,idea_us100_wave02_tradeability_side_abstain_surface_v0,hyp_us100_wave02_tradeability_side_abstain_runtime_alignment_v0,surface_us100_wave02_tradeability_side_abstain_v0,sweep_us100_wave02_tradeability_side_abstain_broad_v0,executed_proxy_observation_l4_required,2026-06-27T17:35:01.414009Z,model_training,spacesonar-model-validation,lab/runs/onnxlab_wave02_td_cell_004_tradeability_side_abstain_v0/run_manifest.json,lab/runs/onnxlab_wave02_td_cell_004_tradeability_side_abstain_v0/experiment_receipt.yaml,lab/runs/onnxlab_wave02_td_cell_004_tradeability_side_abstain_v0/artifact_lineage.json,lab/runs/onnxlab_wave02_td_cell_004_tradeability_side_abstain_v0/metrics.json,wave02_proxy_observation_l4_required_no_candidate_no_runtime_authority_no_economics_pass_no_live_readiness_no_goal_achieve,preserved_clue,branch_worktree_fit|time_axis_check|feature_label_boundary_check|split_boundary_check|selection_bias_check|run_manifest|experiment_receipt|storage_contract_check|runtime_learning_probe_decision|proxy_runtime_parity_decision|final_claim_guard|L4_split_runtime_probe_for_valid_proxy_run,lab/runs/onnxlab_wave02_td_cell_004_tradeability_side_abstain_v0/reports/proxy_tradeability_report.json,work_wave02_tradeability_l4_materialization_preflight_v0,Wave02 proxy observation only; L4 follow-through required before runtime claims.
onnxlab_wave02_td_cell_005_tradeability_side_abstain_v0,wave_us100_wave02_tradeability_decision_surface_v0,campaign_us100_wave02_tradeability_decision_surface_v0,idea_us100_wave02_tradeability_side_abstain_surface_v0,hyp_us100_wave02_tradeability_side_abstain_runtime_alignment_v0,surface_us100_wave02_tradeability_side_abstain_v0,sweep_us100_wave02_tradeability_side_abstain_broad_v0,executed_proxy_observation_l4_required,2026-06-27T17:35:06.592965Z,model_training,spacesonar-model-validation,lab/runs/onnxlab_wave02_td_cell_005_tradeability_side_abstain_v0/run_manifest.json,lab/runs/onnxlab_wave02_td_cell_005_tradeability_side_abstain_v0/experiment_receipt.yaml,lab/runs/onnxlab_wave02_td_cell_005_tradeability_side_abstain_v0/artifact_lineage.json,lab/runs/onnxlab_wave02_td_cell_005_tradeability_side_abstain_v0/metrics.json,wave02_proxy_observation_l4_required_no_candidate_no_runtime_authority_no_economics_pass_no_live_readiness_no_goal_achieve,preserved_clue,branch_worktree_fit|time_axis_check|feature_label_boundary_check|split_boundary_check|selection_bias_check|run_manifest|experiment_receipt|storage_contract_check|runtime_learning_probe_decision|proxy_runtime_parity_decision|final_claim_guard|L4_split_runtime_probe_for_valid_proxy_run,lab/runs/onnxlab_wave02_td_cell_005_tradeability_side_abstain_v0/reports/proxy_tradeability_report.json,work_wave02_tradeability_l4_materialization_preflight_v0,Wave02 proxy observation only; L4 follow-through required before runtime claims.
onnxlab_wave02_td_cell_006_tradeability_side_abstain_v0,wave_us100_wave02_tradeability_decision_surface_v0,campaign_us100_wave02_tradeability_decision_surface_v0,idea_us100_wave02_tradeability_side_abstain_surface_v0,hyp_us100_wave02_tradeability_side_abstain_runtime_alignment_v0,surface_us100_wave02_tradeability_side_abstain_v0,sweep_us100_wave02_tradeability_side_abstain_broad_v0,executed_proxy_observation_l4_required,2026-06-27T17:35:13.922720Z,model_training,spacesonar-model-validation,lab/runs/onnxlab_wave02_td_cell_006_tradeability_side_abstain_v0/run_manifest.json,lab/runs/onnxlab_wave02_td_cell_006_tradeability_side_abstain_v0/experiment_receipt.yaml,lab/runs/onnxlab_wave02_td_cell_006_tradeability_side_abstain_v0/artifact_lineage.json,lab/runs/onnxlab_wave02_td_cell_006_tradeability_side_abstain_v0/metrics.json,wave02_proxy_observation_l4_required_no_candidate_no_runtime_authority_no_economics_pass_no_live_readiness_no_goal_achieve,preserved_clue,branch_worktree_fit|time_axis_check|feature_label_boundary_check|split_boundary_check|selection_bias_check|run_manifest|experiment_receipt|storage_contract_check|runtime_learning_probe_decision|proxy_runtime_parity_decision|final_claim_guard|L4_split_runtime_probe_for_valid_proxy_run,lab/runs/onnxlab_wave02_td_cell_006_tradeability_side_abstain_v0/reports/proxy_tradeability_report.json,work_wave02_tradeability_l4_materialization_preflight_v0,Wave02 proxy observation only; L4 follow-through required before runtime claims.
onnxlab_wave02_td_cell_007_tradeability_side_abstain_v0,wave_us100_wave02_tradeability_decision_surface_v0,campaign_us100_wave02_tradeability_decision_surface_v0,idea_us100_wave02_tradeability_side_abstain_surface_v0,hyp_us100_wave02_tradeability_side_abstain_runtime_alignment_v0,surface_us100_wave02_tradeability_side_abstain_v0,sweep_us100_wave02_tradeability_side_abstain_broad_v0,executed_proxy_observation_l4_required,2026-06-27T17:35:18.822475Z,model_training,spacesonar-model-validation,lab/runs/onnxlab_wave02_td_cell_007_tradeability_side_abstain_v0/run_manifest.json,lab/runs/onnxlab_wave02_td_cell_007_tradeability_side_abstain_v0/experiment_receipt.yaml,lab/runs/onnxlab_wave02_td_cell_007_tradeability_side_abstain_v0/artifact_lineage.json,lab/runs/onnxlab_wave02_td_cell_007_tradeability_side_abstain_v0/metrics.json,wave02_proxy_observation_l4_required_no_candidate_no_runtime_authority_no_economics_pass_no_live_readiness_no_goal_achieve,inconclusive,branch_worktree_fit|time_axis_check|feature_label_boundary_check|split_boundary_check|selection_bias_check|run_manifest|experiment_receipt|storage_contract_check|runtime_learning_probe_decision|proxy_runtime_parity_decision|final_claim_guard|L4_split_runtime_probe_for_valid_proxy_run,lab/runs/onnxlab_wave02_td_cell_007_tradeability_side_abstain_v0/reports/proxy_tradeability_report.json,work_wave02_tradeability_l4_materialization_preflight_v0,Wave02 proxy observation only; L4 follow-through required before runtime claims.
onnxlab_wave02_td_cell_008_tradeability_side_abstain_v0,wave_us100_wave02_tradeability_decision_surface_v0,campaign_us100_wave02_tradeability_decision_surface_v0,idea_us100_wave02_tradeability_side_abstain_surface_v0,hyp_us100_wave02_tradeability_side_abstain_runtime_alignment_v0,surface_us100_wave02_tradeability_side_abstain_v0,sweep_us100_wave02_tradeability_side_abstain_broad_v0,executed_proxy_observation_l4_required,2026-06-27T17:35:24.182302Z,model_training,spacesonar-model-validation,lab/runs/onnxlab_wave02_td_cell_008_tradeability_side_abstain_v0/run_manifest.json,lab/runs/onnxlab_wave02_td_cell_008_tradeability_side_abstain_v0/experiment_receipt.yaml,lab/runs/onnxlab_wave02_td_cell_008_tradeability_side_abstain_v0/artifact_lineage.json,lab/runs/onnxlab_wave02_td_cell_008_tradeability_side_abstain_v0/metrics.json,wave02_proxy_observation_l4_required_no_candidate_no_runtime_authority_no_economics_pass_no_live_readiness_no_goal_achieve,preserved_clue,branch_worktree_fit|time_axis_check|feature_label_boundary_check|split_boundary_check|selection_bias_check|run_manifest|experiment_receipt|storage_contract_check|runtime_learning_probe_decision|proxy_runtime_parity_decision|final_claim_guard|L4_split_runtime_probe_for_valid_proxy_run,lab/runs/onnxlab_wave02_td_cell_008_tradeability_side_abstain_v0/reports/proxy_tradeability_report.json,work_wave02_tradeability_l4_materialization_preflight_v0,Wave02 proxy observation only; L4 follow-through required before runtime claims.
onnxlab_wave0_cell_001_surface_scout_v0,wave_us100_closedbar_surface_cartography_v0,campaign_us100_task_surface_scout_v0,idea_us100_m5_blank_slate_surface_map_v0,hyp_surface_diversity_before_model_search_v0,surface_us100_task_input_decision_rotation_v0,sweep_wave0_broad_surface_scout_v0,executed_proxy_scout,2026-06-21T15:54:35Z,model_training,spacesonar-model-validation,lab/runs/onnxlab_wave0_cell_001_surface_scout_v0/run_manifest.json,lab/runs/onnxlab_wave0_cell_001_surface_scout_v0/experiment_receipt.yaml,lab/runs/onnxlab_wave0_cell_001_surface_scout_v0/artifact_lineage.json,lab/runs/onnxlab_wave0_cell_001_surface_scout_v0/metrics.json,first_batch_proxy_scout_l4_required_no_candidate_no_baseline_no_runtime_authority,inconclusive,branch_worktree_fit|time_axis_check|feature_label_boundary_check|split_boundary_check|selection_bias_check|run_manifest|experiment_receipt|storage_contract_check|runtime_learning_probe_decision|final_claim_guard|onnx_export_or_runtime_materialization_required|L4_split_runtime_probe_for_valid_proxy_run,lab/runs/onnxlab_wave0_cell_001_surface_scout_v0/,work_wave0_first_batch_l4_follow_through_v0,executed_proxy_scout
onnxlab_wave0_cell_002_surface_scout_v0,wave_us100_closedbar_surface_cartography_v0,campaign_us100_task_surface_scout_v0,idea_us100_m5_blank_slate_surface_map_v0,hyp_surface_diversity_before_model_search_v0,surface_us100_task_input_decision_rotation_v0,sweep_wave0_broad_surface_scout_v0,executed_proxy_scout,2026-06-21T15:54:35Z,model_training,spacesonar-model-validation,lab/runs/onnxlab_wave0_cell_002_surface_scout_v0/run_manifest.json,lab/runs/onnxlab_wave0_cell_002_surface_scout_v0/experiment_receipt.yaml,lab/runs/onnxlab_wave0_cell_002_surface_scout_v0/artifact_lineage.json,lab/runs/onnxlab_wave0_cell_002_surface_scout_v0/metrics.json,first_batch_proxy_scout_l4_required_no_candidate_no_baseline_no_runtime_authority,inconclusive,branch_worktree_fit|time_axis_check|feature_label_boundary_check|split_boundary_check|selection_bias_check|run_manifest|experiment_receipt|storage_contract_check|runtime_learning_probe_decision|final_claim_guard|onnx_export_or_runtime_materialization_required|L4_split_runtime_probe_for_valid_proxy_run,lab/runs/onnxlab_wave0_cell_002_surface_scout_v0/,work_wave0_first_batch_l4_follow_through_v0,executed_proxy_scout
onnxlab_wave0_cell_003_surface_scout_v0,wave_us100_closedbar_surface_cartography_v0,campaign_us100_task_surface_scout_v0,idea_us100_m5_blank_slate_surface_map_v0,hyp_surface_diversity_before_model_search_v0,surface_us100_task_input_decision_rotation_v0,sweep_wave0_broad_surface_scout_v0,executed_proxy_scout,2026-06-21T15:54:35Z,model_training,spacesonar-model-validation,lab/runs/onnxlab_wave0_cell_003_surface_scout_v0/run_manifest.json,lab/runs/onnxlab_wave0_cell_003_surface_scout_v0/experiment_receipt.yaml,lab/runs/onnxlab_wave0_cell_003_surface_scout_v0/artifact_lineage.json,lab/runs/onnxlab_wave0_cell_003_surface_scout_v0/metrics.json,first_batch_proxy_scout_l4_required_no_candidate_no_baseline_no_runtime_authority,inconclusive,branch_worktree_fit|time_axis_check|feature_label_boundary_check|split_boundary_check|selection_bias_check|run_manifest|experiment_receipt|storage_contract_check|runtime_learning_probe_decision|final_claim_guard|onnx_export_or_runtime_materialization_required|L4_split_runtime_probe_for_valid_proxy_run,lab/runs/onnxlab_wave0_cell_003_surface_scout_v0/,work_wave0_first_batch_l4_follow_through_v0,executed_proxy_scout
onnxlab_wave0_cell_004_surface_scout_v0,wave_us100_closedbar_surface_cartography_v0,campaign_us100_task_surface_scout_v0,idea_us100_m5_blank_slate_surface_map_v0,hyp_surface_diversity_before_model_search_v0,surface_us100_task_input_decision_rotation_v0,sweep_wave0_broad_surface_scout_v0,executed_proxy_scout,2026-06-21T15:54:35Z,model_training,spacesonar-model-validation,lab/runs/onnxlab_wave0_cell_004_surface_scout_v0/run_manifest.json,lab/runs/onnxlab_wave0_cell_004_surface_scout_v0/experiment_receipt.yaml,lab/runs/onnxlab_wave0_cell_004_surface_scout_v0/artifact_lineage.json,lab/runs/onnxlab_wave0_cell_004_surface_scout_v0/metrics.json,first_batch_proxy_scout_l4_required_no_candidate_no_baseline_no_runtime_authority,inconclusive,branch_worktree_fit|time_axis_check|feature_label_boundary_check|split_boundary_check|selection_bias_check|run_manifest|experiment_receipt|storage_contract_check|runtime_learning_probe_decision|final_claim_guard|onnx_export_or_runtime_materialization_required|L4_split_runtime_probe_for_valid_proxy_run,lab/runs/onnxlab_wave0_cell_004_surface_scout_v0/,work_wave0_first_batch_l4_follow_through_v0,executed_proxy_scout
onnxlab_wave0_cell_005_surface_scout_v0,wave_us100_closedbar_surface_cartography_v0,campaign_us100_task_surface_scout_v0,idea_us100_m5_blank_slate_surface_map_v0,hyp_surface_diversity_before_model_search_v0,surface_us100_task_input_decision_rotation_v0,sweep_wave0_broad_surface_scout_v0,executed_proxy_scout,2026-06-21T15:54:35Z,model_training,spacesonar-model-validation,lab/runs/onnxlab_wave0_cell_005_surface_scout_v0/run_manifest.json,lab/runs/onnxlab_wave0_cell_005_surface_scout_v0/experiment_receipt.yaml,lab/runs/onnxlab_wave0_cell_005_surface_scout_v0/artifact_lineage.json,lab/runs/onnxlab_wave0_cell_005_surface_scout_v0/metrics.json,first_batch_proxy_scout_l4_required_no_candidate_no_baseline_no_runtime_authority,inconclusive,branch_worktree_fit|time_axis_check|feature_label_boundary_check|split_boundary_check|selection_bias_check|run_manifest|experiment_receipt|storage_contract_check|runtime_learning_probe_decision|final_claim_guard|onnx_export_or_runtime_materialization_required|L4_split_runtime_probe_for_valid_proxy_run,lab/runs/onnxlab_wave0_cell_005_surface_scout_v0/,work_wave0_first_batch_l4_follow_through_v0,executed_proxy_scout
onnxlab_wave0_cell_006_surface_scout_v0,wave_us100_closedbar_surface_cartography_v0,campaign_us100_task_surface_scout_v0,idea_us100_m5_blank_slate_surface_map_v0,hyp_surface_diversity_before_model_search_v0,surface_us100_task_input_decision_rotation_v0,sweep_wave0_broad_surface_scout_v0,executed_proxy_scout,2026-06-21T15:54:35Z,model_training,spacesonar-model-validation,lab/runs/onnxlab_wave0_cell_006_surface_scout_v0/run_manifest.json,lab/runs/onnxlab_wave0_cell_006_surface_scout_v0/experiment_receipt.yaml,lab/runs/onnxlab_wave0_cell_006_surface_scout_v0/artifact_lineage.json,lab/runs/onnxlab_wave0_cell_006_surface_scout_v0/metrics.json,first_batch_proxy_scout_l4_required_no_candidate_no_baseline_no_runtime_authority,inconclusive,branch_worktree_fit|time_axis_check|feature_label_boundary_check|split_boundary_check|selection_bias_check|run_manifest|experiment_receipt|storage_contract_check|runtime_learning_probe_decision|final_claim_guard|onnx_export_or_runtime_materialization_required|L4_split_runtime_probe_for_valid_proxy_run,lab/runs/onnxlab_wave0_cell_006_surface_scout_v0/,work_wave0_first_batch_l4_follow_through_v0,executed_proxy_scout
onnxlab_wave0_cell_007_surface_scout_v0,wave_us100_closedbar_surface_cartography_v0,campaign_us100_task_surface_scout_v0,idea_us100_m5_blank_slate_surface_map_v0,hyp_surface_diversity_before_model_search_v0,surface_us100_task_input_decision_rotation_v0,sweep_wave0_broad_surface_scout_v0,executed_proxy_scout,2026-06-21T15:54:35Z,model_training,spacesonar-model-validation,lab/runs/onnxlab_wave0_cell_007_surface_scout_v0/run_manifest.json,lab/runs/onnxlab_wave0_cell_007_surface_scout_v0/experiment_receipt.yaml,lab/runs/onnxlab_wave0_cell_007_surface_scout_v0/artifact_lineage.json,lab/runs/onnxlab_wave0_cell_007_surface_scout_v0/metrics.json,first_batch_proxy_scout_l4_required_no_candidate_no_baseline_no_runtime_authority,inconclusive,branch_worktree_fit|time_axis_check|feature_label_boundary_check|split_boundary_check|selection_bias_check|run_manifest|experiment_receipt|storage_contract_check|runtime_learning_probe_decision|final_claim_guard|onnx_export_or_runtime_materialization_required|L4_split_runtime_probe_for_valid_proxy_run,lab/runs/onnxlab_wave0_cell_007_surface_scout_v0/,work_wave0_first_batch_l4_follow_through_v0,executed_proxy_scout
onnxlab_wave0_cell_008_surface_scout_v0,wave_us100_closedbar_surface_cartography_v0,campaign_us100_task_surface_scout_v0,idea_us100_m5_blank_slate_surface_map_v0,hyp_surface_diversity_before_model_search_v0,surface_us100_task_input_decision_rotation_v0,sweep_wave0_broad_surface_scout_v0,executed_proxy_scout,2026-06-21T15:54:35Z,model_training,spacesonar-model-validation,lab/runs/onnxlab_wave0_cell_008_surface_scout_v0/run_manifest.json,lab/runs/onnxlab_wave0_cell_008_surface_scout_v0/experiment_receipt.yaml,lab/runs/onnxlab_wave0_cell_008_surface_scout_v0/artifact_lineage.json,lab/runs/onnxlab_wave0_cell_008_surface_scout_v0/metrics.json,first_batch_proxy_scout_l4_required_no_candidate_no_baseline_no_runtime_authority,preserved_clue,branch_worktree_fit|time_axis_check|feature_label_boundary_check|split_boundary_check|selection_bias_check|run_manifest|experiment_receipt|storage_contract_check|runtime_learning_probe_decision|final_claim_guard|onnx_export_or_runtime_materialization_required|L4_split_runtime_probe_for_valid_proxy_run,lab/runs/onnxlab_wave0_cell_008_surface_scout_v0/,work_wave0_first_batch_l4_follow_through_v0,executed_proxy_scout
onnxlab_wave0_cell_009_surface_scout_v0,wave_us100_closedbar_surface_cartography_v0,campaign_us100_task_surface_scout_v0,idea_us100_m5_blank_slate_surface_map_v0,hyp_surface_diversity_before_model_search_v0,surface_us100_task_input_decision_rotation_v0,sweep_wave0_broad_surface_scout_v0,executed_proxy_scout,2026-06-21T15:54:35Z,model_training,spacesonar-model-validation,lab/runs/onnxlab_wave0_cell_009_surface_scout_v0/run_manifest.json,lab/runs/onnxlab_wave0_cell_009_surface_scout_v0/experiment_receipt.yaml,lab/runs/onnxlab_wave0_cell_009_surface_scout_v0/artifact_lineage.json,lab/runs/onnxlab_wave0_cell_009_surface_scout_v0/metrics.json,first_batch_proxy_scout_l4_required_no_candidate_no_baseline_no_runtime_authority,inconclusive,branch_worktree_fit|time_axis_check|feature_label_boundary_check|split_boundary_check|selection_bias_check|run_manifest|experiment_receipt|storage_contract_check|runtime_learning_probe_decision|final_claim_guard|onnx_export_or_runtime_materialization_required|L4_split_runtime_probe_for_valid_proxy_run,lab/runs/onnxlab_wave0_cell_009_surface_scout_v0/,work_wave0_first_batch_l4_follow_through_v0,executed_proxy_scout
onnxlab_wave0_cell_010_surface_scout_v0,wave_us100_closedbar_surface_cartography_v0,campaign_us100_task_surface_scout_v0,idea_us100_m5_blank_slate_surface_map_v0,hyp_surface_diversity_before_model_search_v0,surface_us100_task_input_decision_rotation_v0,sweep_wave0_broad_surface_scout_v0,executed_proxy_scout,2026-06-21T15:54:35Z,model_training,spacesonar-model-validation,lab/runs/onnxlab_wave0_cell_010_surface_scout_v0/run_manifest.json,lab/runs/onnxlab_wave0_cell_010_surface_scout_v0/experiment_receipt.yaml,lab/runs/onnxlab_wave0_cell_010_surface_scout_v0/artifact_lineage.json,lab/runs/onnxlab_wave0_cell_010_surface_scout_v0/metrics.json,first_batch_proxy_scout_l4_required_no_candidate_no_baseline_no_runtime_authority,preserved_clue,branch_worktree_fit|time_axis_check|feature_label_boundary_check|split_boundary_check|selection_bias_check|run_manifest|experiment_receipt|storage_contract_check|runtime_learning_probe_decision|final_claim_guard|onnx_export_or_runtime_materialization_required|L4_split_runtime_probe_for_valid_proxy_run,lab/runs/onnxlab_wave0_cell_010_surface_scout_v0/,work_wave0_first_batch_l4_follow_through_v0,executed_proxy_scout
onnxlab_wave0_cell_011_surface_scout_v0,wave_us100_closedbar_surface_cartography_v0,campaign_us100_task_surface_scout_v0,idea_us100_m5_blank_slate_surface_map_v0,hyp_surface_diversity_before_model_search_v0,surface_us100_task_input_decision_rotation_v0,sweep_wave0_broad_surface_scout_v0,executed_proxy_scout,2026-06-21T15:54:35Z,model_training,spacesonar-model-validation,lab/runs/onnxlab_wave0_cell_011_surface_scout_v0/run_manifest.json,lab/runs/onnxlab_wave0_cell_011_surface_scout_v0/experiment_receipt.yaml,lab/runs/onnxlab_wave0_cell_011_surface_scout_v0/artifact_lineage.json,lab/runs/onnxlab_wave0_cell_011_surface_scout_v0/metrics.json,first_batch_proxy_scout_l4_required_no_candidate_no_baseline_no_runtime_authority,preserved_clue,branch_worktree_fit|time_axis_check|feature_label_boundary_check|split_boundary_check|selection_bias_check|run_manifest|experiment_receipt|storage_contract_check|runtime_learning_probe_decision|final_claim_guard|onnx_export_or_runtime_materialization_required|L4_split_runtime_probe_for_valid_proxy_run,lab/runs/onnxlab_wave0_cell_011_surface_scout_v0/,work_wave0_first_batch_l4_follow_through_v0,executed_proxy_scout
onnxlab_wave0_cell_012_surface_scout_v0,wave_us100_closedbar_surface_cartography_v0,campaign_us100_task_surface_scout_v0,idea_us100_m5_blank_slate_surface_map_v0,hyp_surface_diversity_before_model_search_v0,surface_us100_task_input_decision_rotation_v0,sweep_wave0_broad_surface_scout_v0,executed_proxy_scout,2026-06-21T15:54:35Z,model_training,spacesonar-model-validation,lab/runs/onnxlab_wave0_cell_012_surface_scout_v0/run_manifest.json,lab/runs/onnxlab_wave0_cell_012_surface_scout_v0/experiment_receipt.yaml,lab/runs/onnxlab_wave0_cell_012_surface_scout_v0/artifact_lineage.json,lab/runs/onnxlab_wave0_cell_012_surface_scout_v0/metrics.json,first_batch_proxy_scout_l4_required_no_candidate_no_baseline_no_runtime_authority,preserved_clue,branch_worktree_fit|time_axis_check|feature_label_boundary_check|split_boundary_check|selection_bias_check|run_manifest|experiment_receipt|storage_contract_check|runtime_learning_probe_decision|final_claim_guard|onnx_export_or_runtime_materialization_required|L4_split_runtime_probe_for_valid_proxy_run,lab/runs/onnxlab_wave0_cell_012_surface_scout_v0/,work_wave0_first_batch_l4_follow_through_v0,executed_proxy_scout
onnxlab_wave03_mix2_cell_001_tradeability_gate_control_v0,wave_us100_wave03_volatility_state_transition_surface_v0,campaign_us100_wave03_bounded_synthesis_special_mixing_v0,idea_us100_wave03_intraday_volatility_state_transition_v0,hyp_us100_wave03_compression_expansion_reversal_continuation_v0,surface_us100_wave03_bounded_synthesis_special_mixing_v0,sweep_us100_wave03_bounded_synthesis_mix2_v0,wave03_bounded_synthesis_mix2_l4_attempts_prepared_terminal_execution_pending,2026-06-28T17:49:21.899005Z,onnx_export_parity,spacesonar-runtime-evidence,lab/runs/onnxlab_wave03_mix2_cell_001_tradeability_gate_control_v0/run_manifest.json,lab/runs/onnxlab_wave03_mix2_cell_001_tradeability_gate_control_v0/experiment_receipt.yaml,lab/runs/onnxlab_wave03_mix2_cell_001_tradeability_gate_control_v0/artifact_lineage.json,lab/runs/onnxlab_wave03_mix2_cell_001_tradeability_gate_control_v0/metrics.json,wave03_bounded_synthesis_mix2_l4_attempts_prepared_terminal_execution_pending_no_runtime_authority_no_economics_pass_no_candidate_no_selected_baseline_no_live_readiness_no_goal_achieve,preserved_clue,branch_worktree_fit|time_axis_check|feature_label_boundary_check|split_boundary_check|selection_bias_check|run_manifest|experiment_receipt|storage_contract_check|runtime_learning_probe_decision|proxy_runtime_parity_decision|final_claim_guard|L4_split_runtime_probe_for_valid_proxy_run,runtime/packages/bundle_wave03_mix2_cell_001_l4_onnx_export_v0/experiment_bundle.json,work_wave03_bounded_synthesis_special_mixing_mix2_l4_runtime_execution_v0,Mix-2 L4 ONNX bundle prepared; MT5 terminal execution required next.
onnxlab_wave03_mix2_cell_002_tradeability_gate_longer_horizon_v0,wave_us100_wave03_volatility_state_transition_surface_v0,campaign_us100_wave03_bounded_synthesis_special_mixing_v0,idea_us100_wave03_intraday_volatility_state_transition_v0,hyp_us100_wave03_compression_expansion_reversal_continuation_v0,surface_us100_wave03_bounded_synthesis_special_mixing_v0,sweep_us100_wave03_bounded_synthesis_mix2_v0,wave03_bounded_synthesis_mix2_l4_attempts_prepared_terminal_execution_pending,2026-06-28T17:49:30.827048Z,onnx_export_parity,spacesonar-runtime-evidence,lab/runs/onnxlab_wave03_mix2_cell_002_tradeability_gate_longer_horizon_v0/run_manifest.json,lab/runs/onnxlab_wave03_mix2_cell_002_tradeability_gate_longer_horizon_v0/experiment_receipt.yaml,lab/runs/onnxlab_wave03_mix2_cell_002_tradeability_gate_longer_horizon_v0/artifact_lineage.json,lab/runs/onnxlab_wave03_mix2_cell_002_tradeability_gate_longer_horizon_v0/metrics.json,wave03_bounded_synthesis_mix2_l4_attempts_prepared_terminal_execution_pending_no_runtime_authority_no_economics_pass_no_candidate_no_selected_baseline_no_live_readiness_no_goal_achieve,preserved_clue,branch_worktree_fit|time_axis_check|feature_label_boundary_check|split_boundary_check|selection_bias_check|run_manifest|experiment_receipt|storage_contract_check|runtime_learning_probe_decision|proxy_runtime_parity_decision|final_claim_guard|L4_split_runtime_probe_for_valid_proxy_run,runtime/packages/bundle_wave03_mix2_cell_002_l4_onnx_export_v0/experiment_bundle.json,work_wave03_bounded_synthesis_special_mixing_mix2_l4_runtime_execution_v0,Mix-2 L4 ONNX bundle prepared; MT5 terminal execution required next.
onnxlab_wave03_mix2_cell_003_adverse_move_abstain_control_v0,wave_us100_wave03_volatility_state_transition_surface_v0,campaign_us100_wave03_bounded_synthesis_special_mixing_v0,idea_us100_wave03_intraday_volatility_state_transition_v0,hyp_us100_wave03_compression_expansion_reversal_continuation_v0,surface_us100_wave03_bounded_synthesis_special_mixing_v0,sweep_us100_wave03_bounded_synthesis_mix2_v0,wave03_bounded_synthesis_mix2_l4_attempts_prepared_terminal_execution_pending,2026-06-28T17:49:35.891034Z,onnx_export_parity,spacesonar-runtime-evidence,lab/runs/onnxlab_wave03_mix2_cell_003_adverse_move_abstain_control_v0/run_manifest.json,lab/runs/onnxlab_wave03_mix2_cell_003_adverse_move_abstain_control_v0/experiment_receipt.yaml,lab/runs/onnxlab_wave03_mix2_cell_003_adverse_move_abstain_control_v0/artifact_lineage.json,lab/runs/onnxlab_wave03_mix2_cell_003_adverse_move_abstain_control_v0/metrics.json,wave03_bounded_synthesis_mix2_l4_attempts_prepared_terminal_execution_pending_no_runtime_authority_no_economics_pass_no_candidate_no_selected_baseline_no_live_readiness_no_goal_achieve,preserved_clue,branch_worktree_fit|time_axis_check|feature_label_boundary_check|split_boundary_check|selection_bias_check|run_manifest|experiment_receipt|storage_contract_check|runtime_learning_probe_decision|proxy_runtime_parity_decision|final_claim_guard|L4_split_runtime_probe_for_valid_proxy_run,runtime/packages/bundle_wave03_mix2_cell_003_l4_onnx_export_v0/experiment_bundle.json,work_wave03_bounded_synthesis_special_mixing_mix2_l4_runtime_execution_v0,Mix-2 L4 ONNX bundle prepared; MT5 terminal execution required next.
onnxlab_wave03_mix2_cell_004_drawdown_rebound_abstain_control_v0,wave_us100_wave03_volatility_state_transition_surface_v0,campaign_us100_wave03_bounded_synthesis_special_mixing_v0,idea_us100_wave03_intraday_volatility_state_transition_v0,hyp_us100_wave03_compression_expansion_reversal_continuation_v0,surface_us100_wave03_bounded_synthesis_special_mixing_v0,sweep_us100_wave03_bounded_synthesis_mix2_v0,wave03_bounded_synthesis_mix2_l4_attempts_prepared_terminal_execution_pending,2026-06-28T17:49:41.651379Z,onnx_export_parity,spacesonar-runtime-evidence,lab/runs/onnxlab_wave03_mix2_cell_004_drawdown_rebound_abstain_control_v0/run_manifest.json,lab/runs/onnxlab_wave03_mix2_cell_004_drawdown_rebound_abstain_control_v0/experiment_receipt.yaml,lab/runs/onnxlab_wave03_mix2_cell_004_drawdown_rebound_abstain_control_v0/artifact_lineage.json,lab/runs/onnxlab_wave03_mix2_cell_004_drawdown_rebound_abstain_control_v0/metrics.json,wave03_bounded_synthesis_mix2_l4_attempts_prepared_terminal_execution_pending_no_runtime_authority_no_economics_pass_no_candidate_no_selected_baseline_no_live_readiness_no_goal_achieve,preserved_clue,branch_worktree_fit|time_axis_check|feature_label_boundary_check|split_boundary_check|selection_bias_check|run_manifest|experiment_receipt|storage_contract_check|runtime_learning_probe_decision|proxy_runtime_parity_decision|final_claim_guard|L4_split_runtime_probe_for_valid_proxy_run,runtime/packages/bundle_wave03_mix2_cell_004_l4_onnx_export_v0/experiment_bundle.json,work_wave03_bounded_synthesis_special_mixing_mix2_l4_runtime_execution_v0,Mix-2 L4 ONNX bundle prepared; MT5 terminal execution required next.
onnxlab_wave03_mix2_cell_005_low_vol_false_break_filter_v0,wave_us100_wave03_volatility_state_transition_surface_v0,campaign_us100_wave03_bounded_synthesis_special_mixing_v0,idea_us100_wave03_intraday_volatility_state_transition_v0,hyp_us100_wave03_compression_expansion_reversal_continuation_v0,surface_us100_wave03_bounded_synthesis_special_mixing_v0,sweep_us100_wave03_bounded_synthesis_mix2_v0,wave03_bounded_synthesis_mix2_l4_attempts_prepared_terminal_execution_pending,2026-06-28T17:49:46.425626Z,onnx_export_parity,spacesonar-runtime-evidence,lab/runs/onnxlab_wave03_mix2_cell_005_low_vol_false_break_filter_v0/run_manifest.json,lab/runs/onnxlab_wave03_mix2_cell_005_low_vol_false_break_filter_v0/experiment_receipt.yaml,lab/runs/onnxlab_wave03_mix2_cell_005_low_vol_false_break_filter_v0/artifact_lineage.json,lab/runs/onnxlab_wave03_mix2_cell_005_low_vol_false_break_filter_v0/metrics.json,wave03_bounded_synthesis_mix2_l4_attempts_prepared_terminal_execution_pending_no_runtime_authority_no_economics_pass_no_candidate_no_selected_baseline_no_live_readiness_no_goal_achieve,inconclusive,branch_worktree_fit|time_axis_check|feature_label_boundary_check|split_boundary_check|selection_bias_check|run_manifest|experiment_receipt|storage_contract_check|runtime_learning_probe_decision|proxy_runtime_parity_decision|final_claim_guard|L4_split_runtime_probe_for_valid_proxy_run,runtime/packages/bundle_wave03_mix2_cell_005_l4_onnx_export_v0/experiment_bundle.json,work_wave03_bounded_synthesis_special_mixing_mix2_l4_runtime_execution_v0,Mix-2 L4 ONNX bundle prepared; MT5 terminal execution required next.
onnxlab_wave03_mix2_cell_006_session_gate_control_v0,wave_us100_wave03_volatility_state_transition_surface_v0,campaign_us100_wave03_bounded_synthesis_special_mixing_v0,idea_us100_wave03_intraday_volatility_state_transition_v0,hyp_us100_wave03_compression_expansion_reversal_continuation_v0,surface_us100_wave03_bounded_synthesis_special_mixing_v0,sweep_us100_wave03_bounded_synthesis_mix2_v0,wave03_bounded_synthesis_mix2_l4_attempts_prepared_terminal_execution_pending,2026-06-28T17:49:51.693653Z,onnx_export_parity,spacesonar-runtime-evidence,lab/runs/onnxlab_wave03_mix2_cell_006_session_gate_control_v0/run_manifest.json,lab/runs/onnxlab_wave03_mix2_cell_006_session_gate_control_v0/experiment_receipt.yaml,lab/runs/onnxlab_wave03_mix2_cell_006_session_gate_control_v0/artifact_lineage.json,lab/runs/onnxlab_wave03_mix2_cell_006_session_gate_control_v0/metrics.json,wave03_bounded_synthesis_mix2_l4_attempts_prepared_terminal_execution_pending_no_runtime_authority_no_economics_pass_no_candidate_no_selected_baseline_no_live_readiness_no_goal_achieve,inconclusive,branch_worktree_fit|time_axis_check|feature_label_boundary_check|split_boundary_check|selection_bias_check|run_manifest|experiment_receipt|storage_contract_check|runtime_learning_probe_decision|proxy_runtime_parity_decision|final_claim_guard|L4_split_runtime_probe_for_valid_proxy_run,runtime/packages/bundle_wave03_mix2_cell_006_l4_onnx_export_v0/experiment_bundle.json,work_wave03_bounded_synthesis_special_mixing_mix2_l4_runtime_execution_v0,Mix-2 L4 ONNX bundle prepared; MT5 terminal execution required next.
onnxlab_wave03_mix3_cell_001_cell009_tradeability_anchor_logistic_v0,wave_us100_wave03_volatility_state_transition_surface_v0,campaign_us100_wave03_bounded_synthesis_special_mixing_v0,idea_us100_wave03_intraday_volatility_state_transition_v0,hyp_us100_wave03_compression_expansion_reversal_continuation_v0,surface_us100_wave03_bounded_synthesis_special_mixing_v0,sweep_us100_wave03_bounded_synthesis_mix3_v0,wave03_bounded_synthesis_mix3_l4_attempts_prepared_terminal_execution_pending,2026-06-28T19:15:22.355356Z,onnx_export_parity,spacesonar-runtime-evidence,lab/runs/onnxlab_wave03_mix3_cell_001_cell009_tradeability_anchor_logistic_v0/run_manifest.json,lab/runs/onnxlab_wave03_mix3_cell_001_cell009_tradeability_anchor_logistic_v0/experiment_receipt.yaml,lab/runs/onnxlab_wave03_mix3_cell_001_cell009_tradeability_anchor_logistic_v0/artifact_lineage.json,lab/runs/onnxlab_wave03_mix3_cell_001_cell009_tradeability_anchor_logistic_v0/metrics.json,wave03_bounded_synthesis_mix3_l4_attempts_prepared_terminal_execution_pending_no_runtime_authority_no_economics_pass_no_candidate_no_selected_baseline_no_live_readiness_no_goal_achieve,preserved_clue,branch_worktree_fit|time_axis_check|feature_label_boundary_check|split_boundary_check|selection_bias_check|run_manifest|experiment_receipt|storage_contract_check|runtime_learning_probe_decision|proxy_runtime_parity_decision|final_claim_guard|L4_split_runtime_probe_for_valid_proxy_run,runtime/packages/bundle_wave03_mix3_cell_001_l4_onnx_export_v0/experiment_bundle.json,work_wave03_bounded_synthesis_special_mixing_mix3_l4_runtime_execution_v0,Mix-3 L4 ONNX bundle prepared; MT5 terminal execution required next.
onnxlab_wave03_mix3_cell_002_cell009_tradeability_anchor_tree_v0,wave_us100_wave03_volatility_state_transition_surface_v0,campaign_us100_wave03_bounded_synthesis_special_mixing_v0,idea_us100_wave03_intraday_volatility_state_transition_v0,hyp_us100_wave03_compression_expansion_reversal_continuation_v0,surface_us100_wave03_bounded_synthesis_special_mixing_v0,sweep_us100_wave03_bounded_synthesis_mix3_v0,wave03_bounded_synthesis_mix3_l4_attempts_prepared_terminal_execution_pending,2026-06-28T19:15:28.346736Z,onnx_export_parity,spacesonar-runtime-evidence,lab/runs/onnxlab_wave03_mix3_cell_002_cell009_tradeability_anchor_tree_v0/run_manifest.json,lab/runs/onnxlab_wave03_mix3_cell_002_cell009_tradeability_anchor_tree_v0/experiment_receipt.yaml,lab/runs/onnxlab_wave03_mix3_cell_002_cell009_tradeability_anchor_tree_v0/artifact_lineage.json,lab/runs/onnxlab_wave03_mix3_cell_002_cell009_tradeability_anchor_tree_v0/metrics.json,wave03_bounded_synthesis_mix3_l4_attempts_prepared_terminal_execution_pending_no_runtime_authority_no_economics_pass_no_candidate_no_selected_baseline_no_live_readiness_no_goal_achieve,preserved_clue,branch_worktree_fit|time_axis_check|feature_label_boundary_check|split_boundary_check|selection_bias_check|run_manifest|experiment_receipt|storage_contract_check|runtime_learning_probe_decision|proxy_runtime_parity_decision|final_claim_guard|L4_split_runtime_probe_for_valid_proxy_run,runtime/packages/bundle_wave03_mix3_cell_002_l4_onnx_export_v0/experiment_bundle.json,work_wave03_bounded_synthesis_special_mixing_mix3_l4_runtime_execution_v0,Mix-3 L4 ONNX bundle prepared; MT5 terminal execution required next.
onnxlab_wave03_mix3_cell_003_cell009_adverse_move_abstain_v0,wave_us100_wave03_volatility_state_transition_surface_v0,campaign_us100_wave03_bounded_synthesis_special_mixing_v0,idea_us100_wave03_intraday_volatility_state_transition_v0,hyp_us100_wave03_compression_expansion_reversal_continuation_v0,surface_us100_wave03_bounded_synthesis_special_mixing_v0,sweep_us100_wave03_bounded_synthesis_mix3_v0,wave03_bounded_synthesis_mix3_l4_attempts_prepared_terminal_execution_pending,2026-06-28T19:15:31.189644Z,onnx_export_parity,spacesonar-runtime-evidence,lab/runs/onnxlab_wave03_mix3_cell_003_cell009_adverse_move_abstain_v0/run_manifest.json,lab/runs/onnxlab_wave03_mix3_cell_003_cell009_adverse_move_abstain_v0/experiment_receipt.yaml,lab/runs/onnxlab_wave03_mix3_cell_003_cell009_adverse_move_abstain_v0/artifact_lineage.json,lab/runs/onnxlab_wave03_mix3_cell_003_cell009_adverse_move_abstain_v0/metrics.json,wave03_bounded_synthesis_mix3_l4_attempts_prepared_terminal_execution_pending_no_runtime_authority_no_economics_pass_no_candidate_no_selected_baseline_no_live_readiness_no_goal_achieve,preserved_clue,branch_worktree_fit|time_axis_check|feature_label_boundary_check|split_boundary_check|selection_bias_check|run_manifest|experiment_receipt|storage_contract_check|runtime_learning_probe_decision|proxy_runtime_parity_decision|final_claim_guard|L4_split_runtime_probe_for_valid_proxy_run,runtime/packages/bundle_wave03_mix3_cell_003_l4_onnx_export_v0/experiment_bundle.json,work_wave03_bounded_synthesis_special_mixing_mix3_l4_runtime_execution_v0,Mix-3 L4 ONNX bundle prepared; MT5 terminal execution required next.
onnxlab_wave03_mix3_cell_004_cell009_drawdown_rebound_tradeability_v0,wave_us100_wave03_volatility_state_transition_surface_v0,campaign_us100_wave03_bounded_synthesis_special_mixing_v0,idea_us100_wave03_intraday_volatility_state_transition_v0,hyp_us100_wave03_compression_expansion_reversal_continuation_v0,surface_us100_wave03_bounded_synthesis_special_mixing_v0,sweep_us100_wave03_bounded_synthesis_mix3_v0,wave03_bounded_synthesis_mix3_l4_attempts_prepared_terminal_execution_pending,2026-06-28T19:15:36.921849Z,onnx_export_parity,spacesonar-runtime-evidence,lab/runs/onnxlab_wave03_mix3_cell_004_cell009_drawdown_rebound_tradeability_v0/run_manifest.json,lab/runs/onnxlab_wave03_mix3_cell_004_cell009_drawdown_rebound_tradeability_v0/experiment_receipt.yaml,lab/runs/onnxlab_wave03_mix3_cell_004_cell009_drawdown_rebound_tradeability_v0/artifact_lineage.json,lab/runs/onnxlab_wave03_mix3_cell_004_cell009_drawdown_rebound_tradeability_v0/metrics.json,wave03_bounded_synthesis_mix3_l4_attempts_prepared_terminal_execution_pending_no_runtime_authority_no_economics_pass_no_candidate_no_selected_baseline_no_live_readiness_no_goal_achieve,preserved_clue,branch_worktree_fit|time_axis_check|feature_label_boundary_check|split_boundary_check|selection_bias_check|run_manifest|experiment_receipt|storage_contract_check|runtime_learning_probe_decision|proxy_runtime_parity_decision|final_claim_guard|L4_split_runtime_probe_for_valid_proxy_run,runtime/packages/bundle_wave03_mix3_cell_004_l4_onnx_export_v0/experiment_bundle.json,work_wave03_bounded_synthesis_special_mixing_mix3_l4_runtime_execution_v0,Mix-3 L4 ONNX bundle prepared; MT5 terminal execution required next.
onnxlab_wave03_mix3_cell_005_cell009_false_break_guard_v0,wave_us100_wave03_volatility_state_transition_surface_v0,campaign_us100_wave03_bounded_synthesis_special_mixing_v0,idea_us100_wave03_intraday_volatility_state_transition_v0,hyp_us100_wave03_compression_expansion_reversal_continuation_v0,surface_us100_wave03_bounded_synthesis_special_mixing_v0,sweep_us100_wave03_bounded_synthesis_mix3_v0,wave03_bounded_synthesis_mix3_l4_attempts_prepared_terminal_execution_pending,2026-06-28T19:15:41.812810Z,onnx_export_parity,spacesonar-runtime-evidence,lab/runs/onnxlab_wave03_mix3_cell_005_cell009_false_break_guard_v0/run_manifest.json,lab/runs/onnxlab_wave03_mix3_cell_005_cell009_false_break_guard_v0/experiment_receipt.yaml,lab/runs/onnxlab_wave03_mix3_cell_005_cell009_false_break_guard_v0/artifact_lineage.json,lab/runs/onnxlab_wave03_mix3_cell_005_cell009_false_break_guard_v0/metrics.json,wave03_bounded_synthesis_mix3_l4_attempts_prepared_terminal_execution_pending_no_runtime_authority_no_economics_pass_no_candidate_no_selected_baseline_no_live_readiness_no_goal_achieve,inconclusive,branch_worktree_fit|time_axis_check|feature_label_boundary_check|split_boundary_check|selection_bias_check|run_manifest|experiment_receipt|storage_contract_check|runtime_learning_probe_decision|proxy_runtime_parity_decision|final_claim_guard|L4_split_runtime_probe_for_valid_proxy_run,runtime/packages/bundle_wave03_mix3_cell_005_l4_onnx_export_v0/experiment_bundle.json,work_wave03_bounded_synthesis_special_mixing_mix3_l4_runtime_execution_v0,Mix-3 L4 ONNX bundle prepared; MT5 terminal execution required next.
onnxlab_wave03_mix3_cell_006_cell009_session_tradeability_gate_v0,wave_us100_wave03_volatility_state_transition_surface_v0,campaign_us100_wave03_bounded_synthesis_special_mixing_v0,idea_us100_wave03_intraday_volatility_state_transition_v0,hyp_us100_wave03_compression_expansion_reversal_continuation_v0,surface_us100_wave03_bounded_synthesis_special_mixing_v0,sweep_us100_wave03_bounded_synthesis_mix3_v0,wave03_bounded_synthesis_mix3_l4_attempts_prepared_terminal_execution_pending,2026-06-28T19:15:47.023045Z,onnx_export_parity,spacesonar-runtime-evidence,lab/runs/onnxlab_wave03_mix3_cell_006_cell009_session_tradeability_gate_v0/run_manifest.json,lab/runs/onnxlab_wave03_mix3_cell_006_cell009_session_tradeability_gate_v0/experiment_receipt.yaml,lab/runs/onnxlab_wave03_mix3_cell_006_cell009_session_tradeability_gate_v0/artifact_lineage.json,lab/runs/onnxlab_wave03_mix3_cell_006_cell009_session_tradeability_gate_v0/metrics.json,wave03_bounded_synthesis_mix3_l4_attempts_prepared_terminal_execution_pending_no_runtime_authority_no_economics_pass_no_candidate_no_selected_baseline_no_live_readiness_no_goal_achieve,inconclusive,branch_worktree_fit|time_axis_check|feature_label_boundary_check|split_boundary_check|selection_bias_check|run_manifest|experiment_receipt|storage_contract_check|runtime_learning_probe_decision|proxy_runtime_parity_decision|final_claim_guard|L4_split_runtime_probe_for_valid_proxy_run,runtime/packages/bundle_wave03_mix3_cell_006_l4_onnx_export_v0/experiment_bundle.json,work_wave03_bounded_synthesis_special_mixing_mix3_l4_runtime_execution_v0,Mix-3 L4 ONNX bundle prepared; MT5 terminal execution required next.
